staff_id,department_id,staff_role,shift,employment_status,effective_start_date,effective_end_date,synthetic_staff_token,source_system,schema_version,source_update_timestamp
S0001,D008,RESIDENT,EVENING,ACTIVE,2025-01-01,,STKN-000001,ERPULSE_SYNTH_ROSTER,1,2025-12-20T00:00:00
S0002,D001,TRIAGE_NURSE,EVENING,ACTIVE,2025-01-01,,STKN-000002,ERPULSE_SYNTH_ROSTER,1,2025-12-20T00:00:00
S0003,D004,PHYSICIAN,DAY,ACTIVE,2025-01-01,,STKN-000003,ERPULSE_SYNTH_ROSTER,1,2025-12-20T00:00:00
S0004,D001,PHYSICIAN,NIGHT,ACTIVE,2025-01-01,,STKN-000004,ERPULSE_SYNTH_ROSTER,1,2025-12-20T00:00:00
S0005,D010,TRIAGE_NURSE,NIGHT,ACTIVE,2025-01-01,,STKN-000005,ERPULSE_SYNTH_ROSTER,1,2025-12-20T00:00:00
S0006,D002,TECHNICIAN,NIGHT,ACTIVE,2025-01-01,,STKN-000006,ERPULSE_SYNTH_ROSTER,1,2025-12-20T00:00:00
S0007,D011,PHYSICIAN,NIGHT,ACTIVE,2025-01-01,,STKN-000007,ERPULSE_SYNTH_ROSTER,1,2025-12-20T00:00:00
S0008,D003,REGISTRAR,DAY,ACTIVE,2025-01-01,,STKN-000008,ERPULSE_SYNTH_ROSTER,1,2025-12-20T00:00:00
S0009,D007,RESIDENT,DAY,ACTIVE,2025-01-01,,STKN-000009,ERPULSE_SYNTH_ROSTER,1,2025-12-20T00:00:00
S0010,D012,ED_NURSE,DAY,ACTIVE,2025-01-01,,STKN-000010,ERPULSE_SYNTH_ROSTER,1,2025-12-20T00:00:00
S0011,D002,ED_NURSE,EVENING,ACTIVE,2025-01-01,,STKN-000011,ERPULSE_SYNTH_ROSTER,1,2025-12-20T00:00:00
S0012,D009,TRIAGE_NURSE,EVENING,ACTIVE,2025-01-01,,STKN-000012,ERPULSE_SYNTH_ROSTER,1,2025-12-20T00:00:00
S0013,D001,REGISTRAR,DAY,ACTIVE,2025-01-01,,STKN-000013,ERPULSE_SYNTH_ROSTER,1,2025-12-20T00:00:00
S0014,D009,ED_NURSE,EVENING,ACTIVE,2025-01-01,,STKN-000014,ERPULSE_SYNTH_ROSTER,1,2025-12-20T00:00:00
S0015,D008,ED_NURSE,EVENING,ACTIVE,2025-01-01,,STKN-000015,ERPULSE_SYNTH_ROSTER,1,2025-12-20T00:00:00
S0016,D010,ED_NURSE,EVENING,ACTIVE,2025-01-01,,STKN-000016,ERPULSE_SYNTH_ROSTER,1,2025-12-20T00:00:00
S0017,D010,PHYSICIAN,EVENING,ACTIVE,2025-01-01,,STKN-000017,ERPULSE_SYNTH_ROSTER,1,2025-12-20T00:00:00
S0018,D001,PHYSICIAN,NIGHT,ACTIVE,2025-01-01,,STKN-000018,ERPULSE_SYNTH_ROSTER,1,2025-12-20T00:00:00
S0019,D007,TECHNICIAN,DAY,ACTIVE,2025-01-01,,STKN-000019,ERPULSE_SYNTH_ROSTER,1,2025-12-20T00:00:00
S0020,D003,RESIDENT,NIGHT,ACTIVE,2025-01-01,,STKN-000020,ERPULSE_SYNTH_ROSTER,1,2025-12-20T00:00:00
S0021,D007,TECHNICIAN,DAY,ACTIVE,2025-01-01,,STKN-000021,ERPULSE_SYNTH_ROSTER,1,2025-12-20T00:00:00
S0022,D001,TECHNICIAN,DAY,ACTIVE,2025-01-01,,STKN-000022,ERPULSE_SYNTH_ROSTER,1,2025-12-20T00:00:00
S0023,D007,TECHNICIAN,NIGHT,ACTIVE,2025-01-01,,STKN-000023,ERPULSE_SYNTH_ROSTER,1,2025-12-20T00:00:00
S0024,D011,TECHNICIAN,EVENING,ACTIVE,2025-01-01,,STKN-000024,ERPULSE_SYNTH_ROSTER,1,2025-12-20T00:00:00
S0025,D001,TECHNICIAN,NIGHT,ACTIVE,2025-01-01,,STKN-000025,ERPULSE_SYNTH_ROSTER,1,2025-12-20T00:00:00
S0026,D002,PHYSICIAN,DAY,ACTIVE,2025-01-01,,STKN-000026,ERPULSE_SYNTH_ROSTER,1,2025-12-20T00:00:00
S0027,D006,TECHNICIAN,EVENING,ACTIVE,2025-01-01,,STKN-000027,ERPULSE_SYNTH_ROSTER,1,2025-12-20T00:00:00
S0028,D001,TECHNICIAN,DAY,ACTIVE,2025-01-01,,STKN-000028,ERPULSE_SYNTH_ROSTER,1,2025-12-20T00:00:00
S0029,D006,PHYSICIAN,DAY,ACTIVE,2025-01-01,,STKN-000029,ERPULSE_SYNTH_ROSTER,1,2025-12-20T00:00:00
S0030,D008,ED_NURSE,DAY,ACTIVE,2025-01-01,,STKN-000030,ERPULSE_SYNTH_ROSTER,1,2025-12-20T00:00:00
S0031,D006,TECHNICIAN,DAY,ACTIVE,2025-01-01,,STKN-000031,ERPULSE_SYNTH_ROSTER,1,2025-12-20T00:00:00
S0032,D012,TECHNICIAN,EVENING,ACTIVE,2025-01-01,,STKN-000032,ERPULSE_SYNTH_ROSTER,1,2025-12-20T00:00:00
S0033,D001,REGISTRAR,DAY,ACTIVE,2025-01-01,,STKN-000033,ERPULSE_SYNTH_ROSTER,1,2025-12-20T00:00:00
S0034,D007,TECHNICIAN,DAY,ACTIVE,2025-01-01,,STKN-000034,ERPULSE_SYNTH_ROSTER,1,2025-12-20T00:00:00
S0035,D003,BED_COORDINATOR,EVENING,ACTIVE,2025-01-01,,STKN-000035,ERPULSE_SYNTH_ROSTER,1,2025-12-20T00:00:00
S0036,D012,ED_NURSE,DAY,ACTIVE,2025-01-01,,STKN-000036,ERPULSE_SYNTH_ROSTER,1,2025-12-20T00:00:00
S0037,D010,PHYSICIAN,NIGHT,ACTIVE,2025-01-01,,STKN-000037,ERPULSE_SYNTH_ROSTER,1,2025-12-20T00:00:00
S0038,D006,PHYSICIAN,NIGHT,ACTIVE,2025-01-01,,STKN-000038,ERPULSE_SYNTH_ROSTER,1,2025-12-20T00:00:00
S0039,D006,TECHNICIAN,EVENING,ACTIVE,2025-01-01,,STKN-000039,ERPULSE_SYNTH_ROSTER,1,2025-12-20T00:00:00
S0040,D006,RESIDENT,DAY,ACTIVE,2025-01-01,,STKN-000040,ERPULSE_SYNTH_ROSTER,1,2025-12-20T00:00:00
S0041,D009,TRIAGE_NURSE,DAY,ACTIVE,2025-01-01,,STKN-000041,ERPULSE_SYNTH_ROSTER,1,2025-12-20T00:00:00
S0042,D007,TECHNICIAN,EVENING,ACTIVE,2025-01-01,,STKN-000042,ERPULSE_SYNTH_ROSTER,1,2025-12-20T00:00:00
S0043,D004,TRIAGE_NURSE,NIGHT,ACTIVE,2025-01-01,,STKN-000043,ERPULSE_SYNTH_ROSTER,1,2025-12-20T00:00:00
S0044,D004,ED_NURSE,NIGHT,ACTIVE,2025-01-01,,STKN-000044,ERPULSE_SYNTH_ROSTER,1,2025-12-20T00:00:00
S0045,D001,PHYSICIAN,NIGHT,ACTIVE,2025-01-01,,STKN-000045,ERPULSE_SYNTH_ROSTER,1,2025-12-20T00:00:00
S0046,D002,RESIDENT,DAY,ACTIVE,2025-01-01,,STKN-000046,ERPULSE_SYNTH_ROSTER,1,2025-12-20T00:00:00
S0047,D006,TECHNICIAN,DAY,ACTIVE,2025-01-01,,STKN-000047,ERPULSE_SYNTH_ROSTER,1,2025-12-20T00:00:00
S0048,D002,RESIDENT,EVENING,ACTIVE,2025-01-01,,STKN-000048,ERPULSE_SYNTH_ROSTER,1,2025-12-20T00:00:00
S0049,D001,ED_NURSE,EVENING,ACTIVE,2025-01-01,,STKN-000049,ERPULSE_SYNTH_ROSTER,1,2025-12-20T00:00:00
S0050,D002,PHYSICIAN,DAY,ACTIVE,2025-01-01,,STKN-000050,ERPULSE_SYNTH_ROSTER,1,2025-12-20T00:00:00
S0051,D011,BED_COORDINATOR,EVENING,ACTIVE,2025-01-01,,STKN-000051,ERPULSE_SYNTH_ROSTER,1,2025-12-20T00:00:00
S0052,D005,ED_NURSE,DAY,ACTIVE,2025-01-01,,STKN-000052,ERPULSE_SYNTH_ROSTER,1,2025-12-20T00:00:00
S0053,D005,ED_NURSE,EVENING,ACTIVE,2025-01-01,,STKN-000053,ERPULSE_SYNTH_ROSTER,1,2025-12-20T00:00:00
S0054,D006,RESIDENT,DAY,ACTIVE,2025-01-01,,STKN-000054,ERPULSE_SYNTH_ROSTER,1,2025-12-20T00:00:00
S0055,D007,TECHNICIAN,EVENING,ACTIVE,2025-01-01,,STKN-000055,ERPULSE_SYNTH_ROSTER,1,2025-12-20T00:00:00
S0056,D008,TRIAGE_NURSE,DAY,ACTIVE,2025-01-01,,STKN-000056,ERPULSE_SYNTH_ROSTER,1,2025-12-20T00:00:00
S0057,D010,RESIDENT,DAY,ACTIVE,2025-01-01,,STKN-000057,ERPULSE_SYNTH_ROSTER,1,2025-12-20T00:00:00
S0058,D001,TECHNICIAN,DAY,ACTIVE,2025-01-01,,STKN-000058,ERPULSE_SYNTH_ROSTER,1,2025-12-20T00:00:00
S0059,D007,BED_COORDINATOR,EVENING,ACTIVE,2025-01-01,,STKN-000059,ERPULSE_SYNTH_ROSTER,1,2025-12-20T00:00:00
S0060,D007,PHYSICIAN,DAY,ACTIVE,2025-01-01,,STKN-000060,ERPULSE_SYNTH_ROSTER,1,2025-12-20T00:00:00
S0061,D001,PHYSICIAN,EVENING,ACTIVE,2025-01-01,,STKN-000061,ERPULSE_SYNTH_ROSTER,1,2025-12-20T00:00:00
S0062,D007,TECHNICIAN,EVENING,ACTIVE,2025-01-01,,STKN-000062,ERPULSE_SYNTH_ROSTER,1,2025-12-20T00:00:00
S0063,D010,RESIDENT,NIGHT,ACTIVE,2025-01-01,,STKN-000063,ERPULSE_SYNTH_ROSTER,1,2025-12-20T00:00:00
S0064,D003,ED_NURSE,EVENING,ACTIVE,2025-01-01,,STKN-000064,ERPULSE_SYNTH_ROSTER,1,2025-12-20T00:00:00
S0065,D003,TECHNICIAN,EVENING,ACTIVE,2025-01-01,,STKN-000065,ERPULSE_SYNTH_ROSTER,1,2025-12-20T00:00:00
S0066,D005,REGISTRAR,EVENING,ACTIVE,2025-01-01,,STKN-000066,ERPULSE_SYNTH_ROSTER,1,2025-12-20T00:00:00
S0067,D011,ED_NURSE,DAY,ACTIVE,2025-01-01,,STKN-000067,ERPULSE_SYNTH_ROSTER,1,2025-12-20T00:00:00
S0068,D003,ED_NURSE,EVENING,ACTIVE,2025-01-01,,STKN-000068,ERPULSE_SYNTH_ROSTER,1,2025-12-20T00:00:00
S0069,D003,PHYSICIAN,DAY,ACTIVE,2025-01-01,,STKN-000069,ERPULSE_SYNTH_ROSTER,1,2025-12-20T00:00:00
S0070,D007,TECHNICIAN,EVENING,ACTIVE,2025-01-01,,STKN-000070,ERPULSE_SYNTH_ROSTER,1,2025-12-20T00:00:00
S0071,D007,TECHNICIAN,DAY,ACTIVE,2025-01-01,,STKN-000071,ERPULSE_SYNTH_ROSTER,1,2025-12-20T00:00:00
S0072,D010,BED_COORDINATOR,DAY,ACTIVE,2025-01-01,,STKN-000072,ERPULSE_SYNTH_ROSTER,1,2025-12-20T00:00:00
S0073,D011,ED_NURSE,EVENING,ACTIVE,2025-01-01,,STKN-000073,ERPULSE_SYNTH_ROSTER,1,2025-12-20T00:00:00
S0074,D010,ED_NURSE,DAY,ACTIVE,2025-01-01,,STKN-000074,ERPULSE_SYNTH_ROSTER,1,2025-12-20T00:00:00
S0075,D002,BED_COORDINATOR,DAY,ACTIVE,2025-01-01,,STKN-000075,ERPULSE_SYNTH_ROSTER,1,2025-12-20T00:00:00
S0076,D005,PHYSICIAN,NIGHT,ACTIVE,2025-01-01,,STKN-000076,ERPULSE_SYNTH_ROSTER,1,2025-12-20T00:00:00
S0077,D003,TECHNICIAN,NIGHT,ACTIVE,2025-01-01,,STKN-000077,ERPULSE_SYNTH_ROSTER,1,2025-12-20T00:00:00
S0078,D008,ED_NURSE,EVENING,ACTIVE,2025-01-01,,STKN-000078,ERPULSE_SYNTH_ROSTER,1,2025-12-20T00:00:00
S0079,D007,TECHNICIAN,NIGHT,ACTIVE,2025-01-01,,STKN-000079,ERPULSE_SYNTH_ROSTER,1,2025-12-20T00:00:00
S0080,D001,ED_NURSE,EVENING,ACTIVE,2025-01-01,,STKN-000080,ERPULSE_SYNTH_ROSTER,1,2025-12-20T00:00:00
S0081,D001,REGISTRAR,DAY,ACTIVE,2025-01-01,,STKN-000081,ERPULSE_SYNTH_ROSTER,1,2025-12-20T00:00:00
S0082,D003,REGISTRAR,DAY,ACTIVE,2025-01-01,,STKN-000082,ERPULSE_SYNTH_ROSTER,1,2025-12-20T00:00:00
S0083,D006,PHYSICIAN,EVENING,ACTIVE,2025-01-01,,STKN-000083,ERPULSE_SYNTH_ROSTER,1,2025-12-20T00:00:00
S0084,D002,ED_NURSE,EVENING,ACTIVE,2025-01-01,,STKN-000084,ERPULSE_SYNTH_ROSTER,1,2025-12-20T00:00:00
S0085,D004,PHYSICIAN,EVENING,ACTIVE,2025-01-01,,STKN-000085,ERPULSE_SYNTH_ROSTER,1,2025-12-20T00:00:00
S0086,D012,RESIDENT,DAY,ACTIVE,2025-01-01,,STKN-000086,ERPULSE_SYNTH_ROSTER,1,2025-12-20T00:00:00
S0087,D010,TRIAGE_NURSE,EVENING,ACTIVE,2025-01-01,,STKN-000087,ERPULSE_SYNTH_ROSTER,1,2025-12-20T00:00:00
S0088,D005,TRIAGE_NURSE,EVENING,ACTIVE,2025-01-01,,STKN-000088,ERPULSE_SYNTH_ROSTER,1,2025-12-20T00:00:00
S0089,D012,TECHNICIAN,DAY,ACTIVE,2025-01-01,,STKN-000089,ERPULSE_SYNTH_ROSTER,1,2025-12-20T00:00:00
S0090,D006,TECHNICIAN,DAY,ACTIVE,2025-01-01,,STKN-000090,ERPULSE_SYNTH_ROSTER,1,2025-12-20T00:00:00
S0091,D005,RESIDENT,DAY,ACTIVE,2025-01-01,,STKN-000091,ERPULSE_SYNTH_ROSTER,1,2025-12-20T00:00:00
S0092,D002,REGISTRAR,DAY,ACTIVE,2025-01-01,,STKN-000092,ERPULSE_SYNTH_ROSTER,1,2025-12-20T00:00:00
S0093,D006,TECHNICIAN,NIGHT,ACTIVE,2025-01-01,,STKN-000093,ERPULSE_SYNTH_ROSTER,1,2025-12-20T00:00:00
S0094,D010,ED_NURSE,EVENING,ACTIVE,2025-01-01,,STKN-000094,ERPULSE_SYNTH_ROSTER,1,2025-12-20T00:00:00
S0095,D009,ED_NURSE,NIGHT,ACTIVE,2025-01-01,,STKN-000095,ERPULSE_SYNTH_ROSTER,1,2025-12-20T00:00:00
S0096,D006,PHYSICIAN,NIGHT,ACTIVE,2025-01-01,,STKN-000096,ERPULSE_SYNTH_ROSTER,1,2025-12-20T00:00:00
S0097,D001,TRIAGE_NURSE,DAY,ACTIVE,2025-01-01,,STKN-000097,ERPULSE_SYNTH_ROSTER,1,2025-12-20T00:00:00
S0098,D003,PHYSICIAN,DAY,ACTIVE,2025-01-01,,STKN-000098,ERPULSE_SYNTH_ROSTER,1,2025-12-20T00:00:00
S0099,D001,TRIAGE_NURSE,DAY,ACTIVE,2025-01-01,,STKN-000099,ERPULSE_SYNTH_ROSTER,1,2025-12-20T00:00:00
S0100,D004,PHYSICIAN,EVENING,ACTIVE,2025-01-01,,STKN-000100,ERPULSE_SYNTH_ROSTER,1,2025-12-20T00:00:00
S0101,D007,REGISTRAR,EVENING,ACTIVE,2025-01-01,,STKN-000101,ERPULSE_SYNTH_ROSTER,1,2025-12-20T00:00:00
S0102,D012,ED_NURSE,DAY,ACTIVE,2025-01-01,,STKN-000102,ERPULSE_SYNTH_ROSTER,1,2025-12-20T00:00:00
S0103,D002,RESIDENT,NIGHT,ACTIVE,2025-01-01,,STKN-000103,ERPULSE_SYNTH_ROSTER,1,2025-12-20T00:00:00
S0104,D007,PHYSICIAN,NIGHT,ACTIVE,2025-01-01,,STKN-000104,ERPULSE_SYNTH_ROSTER,1,2025-12-20T00:00:00
S0105,D001,PHYSICIAN,EVENING,ACTIVE,2025-01-01,,STKN-000105,ERPULSE_SYNTH_ROSTER,1,2025-12-20T00:00:00
S0106,D006,PHYSICIAN,EVENING,ACTIVE,2025-01-01,,STKN-000106,ERPULSE_SYNTH_ROSTER,1,2025-12-20T00:00:00
S0107,D001,TECHNICIAN,DAY,ACTIVE,2025-01-01,,STKN-000107,ERPULSE_SYNTH_ROSTER,1,2025-12-20T00:00:00
S0108,D010,RESIDENT,DAY,ACTIVE,2025-01-01,,STKN-000108,ERPULSE_SYNTH_ROSTER,1,2025-12-20T00:00:00
S0109,D001,PHYSICIAN,EVENING,ACTIVE,2025-01-01,,STKN-000109,ERPULSE_SYNTH_ROSTER,1,2025-12-20T00:00:00
S0110,D001,TRIAGE_NURSE,NIGHT,ACTIVE,2025-01-01,,STKN-000110,ERPULSE_SYNTH_ROSTER,1,2025-12-20T00:00:00
S0111,D005,ED_NURSE,EVENING,ACTIVE,2025-01-01,,STKN-000111,ERPULSE_SYNTH_ROSTER,1,2025-12-20T00:00:00
S0112,D010,ED_NURSE,DAY,ACTIVE,2025-01-01,,STKN-000112,ERPULSE_SYNTH_ROSTER,1,2025-12-20T00:00:00
S0113,D009,TECHNICIAN,DAY,ACTIVE,2025-01-01,,STKN-000113,ERPULSE_SYNTH_ROSTER,1,2025-12-20T00:00:00
S0114,D008,RESIDENT,EVENING,ACTIVE,2025-01-01,,STKN-000114,ERPULSE_SYNTH_ROSTER,1,2025-12-20T00:00:00
S0115,D006,PHYSICIAN,DAY,ACTIVE,2025-01-01,,STKN-000115,ERPULSE_SYNTH_ROSTER,1,2025-12-20T00:00:00
S0116,D005,BED_COORDINATOR,NIGHT,ACTIVE,2025-01-01,,STKN-000116,ERPULSE_SYNTH_ROSTER,1,2025-12-20T00:00:00
S0117,D009,REGISTRAR,NIGHT,ACTIVE,2025-01-01,,STKN-000117,ERPULSE_SYNTH_ROSTER,1,2025-12-20T00:00:00
S0118,D010,ED_NURSE,DAY,ACTIVE,2025-01-01,,STKN-000118,ERPULSE_SYNTH_ROSTER,1,2025-12-20T00:00:00
S0119,D004,TRIAGE_NURSE,EVENING,ACTIVE,2025-01-01,,STKN-000119,ERPULSE_SYNTH_ROSTER,1,2025-12-20T00:00:00
S0120,D012,ED_NURSE,EVENING,ACTIVE,2025-01-01,,STKN-000120,ERPULSE_SYNTH_ROSTER,1,2025-12-20T00:00:00
S0121,D001,ED_NURSE,NIGHT,ACTIVE,2025-01-01,,STKN-000121,ERPULSE_SYNTH_ROSTER,1,2025-12-20T00:00:00
S0122,D001,TECHNICIAN,EVENING,ACTIVE,2025-01-01,,STKN-000122,ERPULSE_SYNTH_ROSTER,1,2025-12-20T00:00:00
S0123,D002,ED_NURSE,NIGHT,ACTIVE,2025-01-01,,STKN-000123,ERPULSE_SYNTH_ROSTER,1,2025-12-20T00:00:00
S0124,D001,REGISTRAR,NIGHT,ACTIVE,2025-01-01,,STKN-000124,ERPULSE_SYNTH_ROSTER,1,2025-12-20T00:00:00
S0125,D002,ED_NURSE,NIGHT,ACTIVE,2025-01-01,,STKN-000125,ERPULSE_SYNTH_ROSTER,1,2025-12-20T00:00:00
S0126,D002,ED_NURSE,DAY,ACTIVE,2025-01-01,,STKN-000126,ERPULSE_SYNTH_ROSTER,1,2025-12-20T00:00:00
S0127,D001,REGISTRAR,DAY,ACTIVE,2025-01-01,,STKN-000127,ERPULSE_SYNTH_ROSTER,1,2025-12-20T00:00:00
S0128,D009,TECHNICIAN,DAY,ACTIVE,2025-01-01,,STKN-000128,ERPULSE_SYNTH_ROSTER,1,2025-12-20T00:00:00
S0129,D007,TECHNICIAN,NIGHT,ACTIVE,2025-01-01,,STKN-000129,ERPULSE_SYNTH_ROSTER,1,2025-12-20T00:00:00
S0130,D007,PHYSICIAN,NIGHT,ACTIVE,2025-01-01,,STKN-000130,ERPULSE_SYNTH_ROSTER,1,2025-12-20T00:00:00
S0131,D008,PHYSICIAN,EVENING,ACTIVE,2025-01-01,,STKN-000131,ERPULSE_SYNTH_ROSTER,1,2025-12-20T00:00:00
S0132,D001,TECHNICIAN,EVENING,ACTIVE,2025-01-01,,STKN-000132,ERPULSE_SYNTH_ROSTER,1,2025-12-20T00:00:00
S0133,D005,TECHNICIAN,DAY,ACTIVE,2025-01-01,,STKN-000133,ERPULSE_SYNTH_ROSTER,1,2025-12-20T00:00:00
S0134,D003,TRIAGE_NURSE,DAY,ACTIVE,2025-01-01,,STKN-000134,ERPULSE_SYNTH_ROSTER,1,2025-12-20T00:00:00
S0135,D001,PHYSICIAN,DAY,ACTIVE,2025-01-01,,STKN-000135,ERPULSE_SYNTH_ROSTER,1,2025-12-20T00:00:00
S0136,D009,BED_COORDINATOR,EVENING,ACTIVE,2025-01-01,,STKN-000136,ERPULSE_SYNTH_ROSTER,1,2025-12-20T00:00:00
S0137,D002,BED_COORDINATOR,DAY,ACTIVE,2025-01-01,,STKN-000137,ERPULSE_SYNTH_ROSTER,1,2025-12-20T00:00:00
S0138,D005,ED_NURSE,DAY,ACTIVE,2025-01-01,,STKN-000138,ERPULSE_SYNTH_ROSTER,1,2025-12-20T00:00:00
S0139,D002,PHYSICIAN,EVENING,ACTIVE,2025-01-01,,STKN-000139,ERPULSE_SYNTH_ROSTER,1,2025-12-20T00:00:00
S0140,D004,ED_NURSE,DAY,ACTIVE,2025-01-01,,STKN-000140,ERPULSE_SYNTH_ROSTER,1,2025-12-20T00:00:00
S0141,D008,ED_NURSE,DAY,ACTIVE,2025-01-01,,STKN-000141,ERPULSE_SYNTH_ROSTER,1,2025-12-20T00:00:00
S0142,D003,PHYSICIAN,NIGHT,ACTIVE,2025-01-01,,STKN-000142,ERPULSE_SYNTH_ROSTER,1,2025-12-20T00:00:00
S0143,D008,PHYSICIAN,EVENING,ACTIVE,2025-01-01,,STKN-000143,ERPULSE_SYNTH_ROSTER,1,2025-12-20T00:00:00
S0144,D001,PHYSICIAN,DAY,ACTIVE,2025-01-01,,STKN-000144,ERPULSE_SYNTH_ROSTER,1,2025-12-20T00:00:00
S0145,D008,ED_NURSE,NIGHT,ACTIVE,2025-01-01,,STKN-000145,ERPULSE_SYNTH_ROSTER,1,2025-12-20T00:00:00
S0146,D001,ED_NURSE,NIGHT,ACTIVE,2025-01-01,,STKN-000146,ERPULSE_SYNTH_ROSTER,1,2025-12-20T00:00:00
S0147,D008,BED_COORDINATOR,DAY,ACTIVE,2025-01-01,,STKN-000147,ERPULSE_SYNTH_ROSTER,1,2025-12-20T00:00:00
S0148,D010,ED_NURSE,EVENING,ACTIVE,2025-01-01,,STKN-000148,ERPULSE_SYNTH_ROSTER,1,2025-12-20T00:00:00
S0149,D007,RESIDENT,EVENING,ACTIVE,2025-01-01,,STKN-000149,ERPULSE_SYNTH_ROSTER,1,2025-12-20T00:00:00
S0150,D008,PHYSICIAN,DAY,ACTIVE,2025-01-01,,STKN-000150,ERPULSE_SYNTH_ROSTER,1,2025-12-20T00:00:00
S0151,D006,PHYSICIAN,EVENING,ACTIVE,2025-01-01,,STKN-000151,ERPULSE_SYNTH_ROSTER,1,2025-12-20T00:00:00
S0152,D005,ED_NURSE,EVENING,ACTIVE,2025-01-01,,STKN-000152,ERPULSE_SYNTH_ROSTER,1,2025-12-20T00:00:00
S0153,D011,TECHNICIAN,DAY,ACTIVE,2025-01-01,,STKN-000153,ERPULSE_SYNTH_ROSTER,1,2025-12-20T00:00:00
S0154,D007,RESIDENT,DAY,ACTIVE,2025-01-01,,STKN-000154,ERPULSE_SYNTH_ROSTER,1,2025-12-20T00:00:00
S0155,D010,RESIDENT,EVENING,ACTIVE,2025-01-01,,STKN-000155,ERPULSE_SYNTH_ROSTER,1,2025-12-20T00:00:00
S0156,D010,PHYSICIAN,EVENING,ACTIVE,2025-01-01,,STKN-000156,ERPULSE_SYNTH_ROSTER,1,2025-12-20T00:00:00
S0157,D008,BED_COORDINATOR,DAY,ACTIVE,2025-01-01,,STKN-000157,ERPULSE_SYNTH_ROSTER,1,2025-12-20T00:00:00
S0158,D003,ED_NURSE,EVENING,ACTIVE,2025-01-01,,STKN-000158,ERPULSE_SYNTH_ROSTER,1,2025-12-20T00:00:00
S0159,D010,ED_NURSE,EVENING,ACTIVE,2025-01-01,,STKN-000159,ERPULSE_SYNTH_ROSTER,1,2025-12-20T00:00:00
S0160,D006,TECHNICIAN,EVENING,ACTIVE,2025-01-01,,STKN-000160,ERPULSE_SYNTH_ROSTER,1,2025-12-20T00:00:00
S0161,D003,PHYSICIAN,EVENING,ACTIVE,2025-01-01,,STKN-000161,ERPULSE_SYNTH_ROSTER,1,2025-12-20T00:00:00
S0162,D003,ED_NURSE,EVENING,ACTIVE,2025-01-01,,STKN-000162,ERPULSE_SYNTH_ROSTER,1,2025-12-20T00:00:00
S0163,D007,TECHNICIAN,DAY,ACTIVE,2025-01-01,,STKN-000163,ERPULSE_SYNTH_ROSTER,1,2025-12-20T00:00:00
S0164,D004,PHYSICIAN,EVENING,ACTIVE,2025-01-01,,STKN-000164,ERPULSE_SYNTH_ROSTER,1,2025-12-20T00:00:00
S0165,D001,ED_NURSE,DAY,ACTIVE,2025-01-01,,STKN-000165,ERPULSE_SYNTH_ROSTER,1,2025-12-20T00:00:00
S0166,D011,ED_NURSE,EVENING,ACTIVE,2025-01-01,,STKN-000166,ERPULSE_SYNTH_ROSTER,1,2025-12-20T00:00:00
S0167,D012,BED_COORDINATOR,NIGHT,ACTIVE,2025-01-01,,STKN-000167,ERPULSE_SYNTH_ROSTER,1,2025-12-20T00:00:00
S0168,D009,BED_COORDINATOR,EVENING,ACTIVE,2025-01-01,,STKN-000168,ERPULSE_SYNTH_ROSTER,1,2025-12-20T00:00:00
S0169,D005,PHYSICIAN,NIGHT,ACTIVE,2025-01-01,,STKN-000169,ERPULSE_SYNTH_ROSTER,1,2025-12-20T00:00:00
S0170,D012,RESIDENT,EVENING,ACTIVE,2025-01-01,,STKN-000170,ERPULSE_SYNTH_ROSTER,1,2025-12-20T00:00:00
S0171,D008,PHYSICIAN,NIGHT,ACTIVE,2025-01-01,,STKN-000171,ERPULSE_SYNTH_ROSTER,1,2025-12-20T00:00:00
S0172,D004,ED_NURSE,EVENING,ACTIVE,2025-01-01,,STKN-000172,ERPULSE_SYNTH_ROSTER,1,2025-12-20T00:00:00
S0173,D001,REGISTRAR,DAY,ACTIVE,2025-01-01,,STKN-000173,ERPULSE_SYNTH_ROSTER,1,2025-12-20T00:00:00
S0174,D002,ED_NURSE,DAY,ACTIVE,2025-01-01,,STKN-000174,ERPULSE_SYNTH_ROSTER,1,2025-12-20T00:00:00
S0175,D001,ED_NURSE,EVENING,ACTIVE,2025-01-01,,STKN-000175,ERPULSE_SYNTH_ROSTER,1,2025-12-20T00:00:00
S0176,D010,ED_NURSE,EVENING,ACTIVE,2025-01-01,,STKN-000176,ERPULSE_SYNTH_ROSTER,1,2025-12-20T00:00:00
S0177,D008,REGISTRAR,DAY,ACTIVE,2025-01-01,,STKN-000177,ERPULSE_SYNTH_ROSTER,1,2025-12-20T00:00:00
S0178,D001,ED_NURSE,DAY,ACTIVE,2025-01-01,,STKN-000178,ERPULSE_SYNTH_ROSTER,1,2025-12-20T00:00:00
S0179,D002,PHYSICIAN,NIGHT,ACTIVE,2025-01-01,,STKN-000179,ERPULSE_SYNTH_ROSTER,1,2025-12-20T00:00:00
S0180,D012,ED_NURSE,DAY,ACTIVE,2025-01-01,,STKN-000180,ERPULSE_SYNTH_ROSTER,1,2025-12-20T00:00:00
S0181,D007,REGISTRAR,NIGHT,ACTIVE,2025-01-01,,STKN-000181,ERPULSE_SYNTH_ROSTER,1,2025-12-20T00:00:00
S0182,D002,TRIAGE_NURSE,DAY,ACTIVE,2025-01-01,,STKN-000182,ERPULSE_SYNTH_ROSTER,1,2025-12-20T00:00:00
S0183,D001,ED_NURSE,DAY,ACTIVE,2025-01-01,,STKN-000183,ERPULSE_SYNTH_ROSTER,1,2025-12-20T00:00:00
S0184,D008,BED_COORDINATOR,EVENING,ACTIVE,2025-01-01,,STKN-000184,ERPULSE_SYNTH_ROSTER,1,2025-12-20T00:00:00
S0185,D010,ED_NURSE,DAY,ACTIVE,2025-01-01,,STKN-000185,ERPULSE_SYNTH_ROSTER,1,2025-12-20T00:00:00
S0186,D008,TRIAGE_NURSE,EVENING,ACTIVE,2025-01-01,,STKN-000186,ERPULSE_SYNTH_ROSTER,1,2025-12-20T00:00:00
S0187,D001,PHYSICIAN,DAY,ACTIVE,2025-01-01,,STKN-000187,ERPULSE_SYNTH_ROSTER,1,2025-12-20T00:00:00
S0188,D007,TECHNICIAN,NIGHT,ACTIVE,2025-01-01,,STKN-000188,ERPULSE_SYNTH_ROSTER,1,2025-12-20T00:00:00
S0189,D002,ED_NURSE,DAY,ACTIVE,2025-01-01,,STKN-000189,ERPULSE_SYNTH_ROSTER,1,2025-12-20T00:00:00
S0190,D003,REGISTRAR,DAY,ACTIVE,2025-01-01,,STKN-000190,ERPULSE_SYNTH_ROSTER,1,2025-12-20T00:00:00
S0191,D004,TRIAGE_NURSE,DAY,ACTIVE,2025-01-01,,STKN-000191,ERPULSE_SYNTH_ROSTER,1,2025-12-20T00:00:00
S0192,D001,RESIDENT,EVENING,ACTIVE,2025-01-01,,STKN-000192,ERPULSE_SYNTH_ROSTER,1,2025-12-20T00:00:00
S0193,D001,ED_NURSE,DAY,ACTIVE,2025-01-01,,STKN-000193,ERPULSE_SYNTH_ROSTER,1,2025-12-20T00:00:00
S0194,D002,BED_COORDINATOR,DAY,ACTIVE,2025-01-01,,STKN-000194,ERPULSE_SYNTH_ROSTER,1,2025-12-20T00:00:00
S0195,D004,BED_COORDINATOR,NIGHT,ACTIVE,2025-01-01,,STKN-000195,ERPULSE_SYNTH_ROSTER,1,2025-12-20T00:00:00
S0196,D004,ED_NURSE,EVENING,ACTIVE,2025-01-01,,STKN-000196,ERPULSE_SYNTH_ROSTER,1,2025-12-20T00:00:00
S0197,D012,RESIDENT,DAY,ACTIVE,2025-01-01,,STKN-000197,ERPULSE_SYNTH_ROSTER,1,2025-12-20T00:00:00
S0198,D010,PHYSICIAN,DAY,ACTIVE,2025-01-01,,STKN-000198,ERPULSE_SYNTH_ROSTER,1,2025-12-20T00:00:00
S0199,D011,TECHNICIAN,DAY,ACTIVE,2025-01-01,,STKN-000199,ERPULSE_SYNTH_ROSTER,1,2025-12-20T00:00:00
S0200,D002,BED_COORDINATOR,EVENING,ACTIVE,2025-01-01,,STKN-000200,ERPULSE_SYNTH_ROSTER,1,2025-12-20T00:00:00
S0201,D008,RESIDENT,DAY,ACTIVE,2025-01-01,,STKN-000201,ERPULSE_SYNTH_ROSTER,1,2025-12-20T00:00:00
S0202,D010,TRIAGE_NURSE,EVENING,ACTIVE,2025-01-01,,STKN-000202,ERPULSE_SYNTH_ROSTER,1,2025-12-20T00:00:00
S0203,D002,PHYSICIAN,EVENING,ACTIVE,2025-01-01,,STKN-000203,ERPULSE_SYNTH_ROSTER,1,2025-12-20T00:00:00
S0204,D009,BED_COORDINATOR,NIGHT,ACTIVE,2025-01-01,,STKN-000204,ERPULSE_SYNTH_ROSTER,1,2025-12-20T00:00:00
S0205,D011,TRIAGE_NURSE,EVENING,ACTIVE,2025-01-01,,STKN-000205,ERPULSE_SYNTH_ROSTER,1,2025-12-20T00:00:00
S0206,D001,ED_NURSE,DAY,ACTIVE,2025-01-01,,STKN-000206,ERPULSE_SYNTH_ROSTER,1,2025-12-20T00:00:00
S0207,D006,TECHNICIAN,DAY,ACTIVE,2025-01-01,,STKN-000207,ERPULSE_SYNTH_ROSTER,1,2025-12-20T00:00:00
S0208,D002,ED_NURSE,EVENING,ACTIVE,2025-01-01,,STKN-000208,ERPULSE_SYNTH_ROSTER,1,2025-12-20T00:00:00
S0209,D001,TECHNICIAN,NIGHT,ACTIVE,2025-01-01,,STKN-000209,ERPULSE_SYNTH_ROSTER,1,2025-12-20T00:00:00
S0210,D001,PHYSICIAN,NIGHT,ACTIVE,2025-01-01,,STKN-000210,ERPULSE_SYNTH_ROSTER,1,2025-12-20T00:00:00
S0211,D005,TRIAGE_NURSE,EVENING,ACTIVE,2025-01-01,,STKN-000211,ERPULSE_SYNTH_ROSTER,1,2025-12-20T00:00:00
S0212,D002,TRIAGE_NURSE,EVENING,ACTIVE,2025-01-01,,STKN-000212,ERPULSE_SYNTH_ROSTER,1,2025-12-20T00:00:00
S0213,D002,BED_COORDINATOR,EVENING,ACTIVE,2025-01-01,,STKN-000213,ERPULSE_SYNTH_ROSTER,1,2025-12-20T00:00:00
S0214,D006,RESIDENT,DAY,ACTIVE,2025-01-01,,STKN-000214,ERPULSE_SYNTH_ROSTER,1,2025-12-20T00:00:00
S0215,D004,ED_NURSE,NIGHT,ACTIVE,2025-01-01,,STKN-000215,ERPULSE_SYNTH_ROSTER,1,2025-12-20T00:00:00
S0216,D008,TECHNICIAN,NIGHT,ACTIVE,2025-01-01,,STKN-000216,ERPULSE_SYNTH_ROSTER,1,2025-12-20T00:00:00
S0217,D004,ED_NURSE,EVENING,ACTIVE,2025-01-01,,STKN-000217,ERPULSE_SYNTH_ROSTER,1,2025-12-20T00:00:00
S0218,D002,TECHNICIAN,DAY,ACTIVE,2025-01-01,,STKN-000218,ERPULSE_SYNTH_ROSTER,1,2025-12-20T00:00:00
S0219,D006,TECHNICIAN,EVENING,ACTIVE,2025-01-01,,STKN-000219,ERPULSE_SYNTH_ROSTER,1,2025-12-20T00:00:00
S0220,D005,RESIDENT,DAY,ACTIVE,2025-01-01,,STKN-000220,ERPULSE_SYNTH_ROSTER,1,2025-12-20T00:00:00
S0221,D007,TECHNICIAN,EVENING,ACTIVE,2025-01-01,,STKN-000221,ERPULSE_SYNTH_ROSTER,1,2025-12-20T00:00:00
S0222,D005,ED_NURSE,NIGHT,ACTIVE,2025-01-01,,STKN-000222,ERPULSE_SYNTH_ROSTER,1,2025-12-20T00:00:00
S0223,D001,ED_NURSE,DAY,ACTIVE,2025-01-01,,STKN-000223,ERPULSE_SYNTH_ROSTER,1,2025-12-20T00:00:00
S0224,D002,REGISTRAR,NIGHT,ACTIVE,2025-01-01,,STKN-000224,ERPULSE_SYNTH_ROSTER,1,2025-12-20T00:00:00
S0225,D005,TRIAGE_NURSE,NIGHT,ACTIVE,2025-01-01,,STKN-000225,ERPULSE_SYNTH_ROSTER,1,2025-12-20T00:00:00
S0226,D012,TRIAGE_NURSE,DAY,ACTIVE,2025-01-01,,STKN-000226,ERPULSE_SYNTH_ROSTER,1,2025-12-20T00:00:00
S0227,D004,ED_NURSE,DAY,ACTIVE,2025-01-01,,STKN-000227,ERPULSE_SYNTH_ROSTER,1,2025-12-20T00:00:00
S0228,D004,ED_NURSE,EVENING,ACTIVE,2025-01-01,,STKN-000228,ERPULSE_SYNTH_ROSTER,1,2025-12-20T00:00:00
S0229,D001,RESIDENT,EVENING,ACTIVE,2025-01-01,,STKN-000229,ERPULSE_SYNTH_ROSTER,1,2025-12-20T00:00:00
S0230,D006,TECHNICIAN,EVENING,ACTIVE,2025-01-01,,STKN-000230,ERPULSE_SYNTH_ROSTER,1,2025-12-20T00:00:00
S0231,D008,REGISTRAR,NIGHT,ACTIVE,2025-01-01,,STKN-000231,ERPULSE_SYNTH_ROSTER,1,2025-12-20T00:00:00
S0232,D004,TRIAGE_NURSE,DAY,ACTIVE,2025-01-01,,STKN-000232,ERPULSE_SYNTH_ROSTER,1,2025-12-20T00:00:00
S0233,D006,BED_COORDINATOR,EVENING,ACTIVE,2025-01-01,,STKN-000233,ERPULSE_SYNTH_ROSTER,1,2025-12-20T00:00:00
S0234,D008,REGISTRAR,EVENING,ACTIVE,2025-01-01,,STKN-000234,ERPULSE_SYNTH_ROSTER,1,2025-12-20T00:00:00
S0235,D005,RESIDENT,EVENING,ACTIVE,2025-01-01,,STKN-000235,ERPULSE_SYNTH_ROSTER,1,2025-12-20T00:00:00
S0236,D011,ED_NURSE,NIGHT,ACTIVE,2025-01-01,,STKN-000236,ERPULSE_SYNTH_ROSTER,1,2025-12-20T00:00:00
S0237,D001,TRIAGE_NURSE,DAY,ACTIVE,2025-01-01,,STKN-000237,ERPULSE_SYNTH_ROSTER,1,2025-12-20T00:00:00
S0238,D006,TECHNICIAN,DAY,ACTIVE,2025-01-01,,STKN-000238,ERPULSE_SYNTH_ROSTER,1,2025-12-20T00:00:00
S0239,D007,TECHNICIAN,EVENING,ACTIVE,2025-01-01,,STKN-000239,ERPULSE_SYNTH_ROSTER,1,2025-12-20T00:00:00
S0240,D008,ED_NURSE,EVENING,ACTIVE,2025-01-01,,STKN-000240,ERPULSE_SYNTH_ROSTER,1,2025-12-20T00:00:00
S0241,D011,ED_NURSE,NIGHT,ACTIVE,2025-01-01,,STKN-000241,ERPULSE_SYNTH_ROSTER,1,2025-12-20T00:00:00
S0242,D001,BED_COORDINATOR,NIGHT,ACTIVE,2025-01-01,,STKN-000242,ERPULSE_SYNTH_ROSTER,1,2025-12-20T00:00:00
S0243,D011,TRIAGE_NURSE,DAY,ACTIVE,2025-01-01,,STKN-000243,ERPULSE_SYNTH_ROSTER,1,2025-12-20T00:00:00
S0244,D009,PHYSICIAN,DAY,ACTIVE,2025-01-01,,STKN-000244,ERPULSE_SYNTH_ROSTER,1,2025-12-20T00:00:00
S0245,D002,ED_NURSE,EVENING,ACTIVE,2025-01-01,,STKN-000245,ERPULSE_SYNTH_ROSTER,1,2025-12-20T00:00:00
S0246,D006,PHYSICIAN,DAY,ACTIVE,2025-01-01,,STKN-000246,ERPULSE_SYNTH_ROSTER,1,2025-12-20T00:00:00
S0247,D009,RESIDENT,EVENING,ACTIVE,2025-01-01,,STKN-000247,ERPULSE_SYNTH_ROSTER,1,2025-12-20T00:00:00
S0248,D010,ED_NURSE,NIGHT,ACTIVE,2025-01-01,,STKN-000248,ERPULSE_SYNTH_ROSTER,1,2025-12-20T00:00:00
S0249,D003,BED_COORDINATOR,NIGHT,ACTIVE,2025-01-01,,STKN-000249,ERPULSE_SYNTH_ROSTER,1,2025-12-20T00:00:00
S0250,D001,REGISTRAR,NIGHT,ACTIVE,2025-01-01,,STKN-000250,ERPULSE_SYNTH_ROSTER,1,2025-12-20T00:00:00
S0251,D001,ED_NURSE,EVENING,ACTIVE,2025-01-01,,STKN-000251,ERPULSE_SYNTH_ROSTER,1,2025-12-20T00:00:00
S0252,D001,REGISTRAR,DAY,ACTIVE,2025-01-01,,STKN-000252,ERPULSE_SYNTH_ROSTER,1,2025-12-20T00:00:00
S0253,D001,REGISTRAR,NIGHT,ACTIVE,2025-01-01,,STKN-000253,ERPULSE_SYNTH_ROSTER,1,2025-12-20T00:00:00
S0254,D001,TRIAGE_NURSE,DAY,ACTIVE,2025-01-01,,STKN-000254,ERPULSE_SYNTH_ROSTER,1,2025-12-20T00:00:00
S0255,D011,TECHNICIAN,DAY,ACTIVE,2025-01-01,,STKN-000255,ERPULSE_SYNTH_ROSTER,1,2025-12-20T00:00:00
S0256,D001,TRIAGE_NURSE,NIGHT,ACTIVE,2025-01-01,,STKN-000256,ERPULSE_SYNTH_ROSTER,1,2025-12-20T00:00:00
S0257,D001,TECHNICIAN,NIGHT,ACTIVE,2025-01-01,,STKN-000257,ERPULSE_SYNTH_ROSTER,1,2025-12-20T00:00:00
S0258,D009,RESIDENT,EVENING,ACTIVE,2025-01-01,,STKN-000258,ERPULSE_SYNTH_ROSTER,1,2025-12-20T00:00:00
S0259,D012,ED_NURSE,EVENING,ACTIVE,2025-01-01,,STKN-000259,ERPULSE_SYNTH_ROSTER,1,2025-12-20T00:00:00
S0260,D001,BED_COORDINATOR,NIGHT,ACTIVE,2025-01-01,,STKN-000260,ERPULSE_SYNTH_ROSTER,1,2025-12-20T00:00:00
S0261,D007,TECHNICIAN,DAY,ACTIVE,2025-01-01,,STKN-000261,ERPULSE_SYNTH_ROSTER,1,2025-12-20T00:00:00
S0262,D010,ED_NURSE,DAY,ACTIVE,2025-01-01,,STKN-000262,ERPULSE_SYNTH_ROSTER,1,2025-12-20T00:00:00
S0263,D004,RESIDENT,DAY,ACTIVE,2025-01-01,,STKN-000263,ERPULSE_SYNTH_ROSTER,1,2025-12-20T00:00:00
S0264,D004,TECHNICIAN,DAY,ACTIVE,2025-01-01,,STKN-000264,ERPULSE_SYNTH_ROSTER,1,2025-12-20T00:00:00
S0265,D009,ED_NURSE,NIGHT,ACTIVE,2025-01-01,,STKN-000265,ERPULSE_SYNTH_ROSTER,1,2025-12-20T00:00:00
S0266,D005,ED_NURSE,DAY,ACTIVE,2025-01-01,,STKN-000266,ERPULSE_SYNTH_ROSTER,1,2025-12-20T00:00:00
S0267,D012,BED_COORDINATOR,DAY,ACTIVE,2025-01-01,,STKN-000267,ERPULSE_SYNTH_ROSTER,1,2025-12-20T00:00:00
S0268,D010,ED_NURSE,NIGHT,ACTIVE,2025-01-01,,STKN-000268,ERPULSE_SYNTH_ROSTER,1,2025-12-20T00:00:00
S0269,D005,TECHNICIAN,DAY,ACTIVE,2025-01-01,,STKN-000269,ERPULSE_SYNTH_ROSTER,1,2025-12-20T00:00:00
S0270,D001,RESIDENT,EVENING,ACTIVE,2025-01-01,,STKN-000270,ERPULSE_SYNTH_ROSTER,1,2025-12-20T00:00:00
S0271,D010,ED_NURSE,DAY,ACTIVE,2025-01-01,,STKN-000271,ERPULSE_SYNTH_ROSTER,1,2025-12-20T00:00:00
S0272,D005,TRIAGE_NURSE,NIGHT,ACTIVE,2025-01-01,,STKN-000272,ERPULSE_SYNTH_ROSTER,1,2025-12-20T00:00:00
S0273,D001,REGISTRAR,EVENING,ACTIVE,2025-01-01,,STKN-000273,ERPULSE_SYNTH_ROSTER,1,2025-12-20T00:00:00
S0274,D004,ED_NURSE,EVENING,ACTIVE,2025-01-01,,STKN-000274,ERPULSE_SYNTH_ROSTER,1,2025-12-20T00:00:00
S0275,D009,ED_NURSE,DAY,ACTIVE,2025-01-01,,STKN-000275,ERPULSE_SYNTH_ROSTER,1,2025-12-20T00:00:00
S0276,D011,ED_NURSE,NIGHT,ACTIVE,2025-01-01,,STKN-000276,ERPULSE_SYNTH_ROSTER,1,2025-12-20T00:00:00
S0277,D004,TECHNICIAN,EVENING,ACTIVE,2025-01-01,,STKN-000277,ERPULSE_SYNTH_ROSTER,1,2025-12-20T00:00:00
S0278,D007,TECHNICIAN,EVENING,ACTIVE,2025-01-01,,STKN-000278,ERPULSE_SYNTH_ROSTER,1,2025-12-20T00:00:00
S0279,D004,TRIAGE_NURSE,NIGHT,ACTIVE,2025-01-01,,STKN-000279,ERPULSE_SYNTH_ROSTER,1,2025-12-20T00:00:00
S0280,D010,TECHNICIAN,DAY,ACTIVE,2025-01-01,,STKN-000280,ERPULSE_SYNTH_ROSTER,1,2025-12-20T00:00:00
S0281,D003,REGISTRAR,NIGHT,ACTIVE,2025-01-01,,STKN-000281,ERPULSE_SYNTH_ROSTER,1,2025-12-20T00:00:00
S0282,D006,TECHNICIAN,NIGHT,ACTIVE,2025-01-01,,STKN-000282,ERPULSE_SYNTH_ROSTER,1,2025-12-20T00:00:00
S0283,D006,REGISTRAR,EVENING,ACTIVE,2025-01-01,,STKN-000283,ERPULSE_SYNTH_ROSTER,1,2025-12-20T00:00:00
S0284,D006,TECHNICIAN,NIGHT,ACTIVE,2025-01-01,,STKN-000284,ERPULSE_SYNTH_ROSTER,1,2025-12-20T00:00:00
S0285,D002,ED_NURSE,EVENING,ACTIVE,2025-01-01,,STKN-000285,ERPULSE_SYNTH_ROSTER,1,2025-12-20T00:00:00
S0286,D008,BED_COORDINATOR,EVENING,ACTIVE,2025-01-01,,STKN-000286,ERPULSE_SYNTH_ROSTER,1,2025-12-20T00:00:00
S0287,D004,PHYSICIAN,DAY,ACTIVE,2025-01-01,,STKN-000287,ERPULSE_SYNTH_ROSTER,1,2025-12-20T00:00:00
S0288,D006,BED_COORDINATOR,DAY,ACTIVE,2025-01-01,,STKN-000288,ERPULSE_SYNTH_ROSTER,1,2025-12-20T00:00:00
S0289,D003,PHYSICIAN,EVENING,ACTIVE,2025-01-01,,STKN-000289,ERPULSE_SYNTH_ROSTER,1,2025-12-20T00:00:00
S0290,D002,PHYSICIAN,EVENING,ACTIVE,2025-01-01,,STKN-000290,ERPULSE_SYNTH_ROSTER,1,2025-12-20T00:00:00
S0291,D003,REGISTRAR,EVENING,ACTIVE,2025-01-01,,STKN-000291,ERPULSE_SYNTH_ROSTER,1,2025-12-20T00:00:00
S0292,D006,PHYSICIAN,DAY,ACTIVE,2025-01-01,,STKN-000292,ERPULSE_SYNTH_ROSTER,1,2025-12-20T00:00:00
S0293,D008,TRIAGE_NURSE,EVENING,ACTIVE,2025-01-01,,STKN-000293,ERPULSE_SYNTH_ROSTER,1,2025-12-20T00:00:00
S0294,D009,ED_NURSE,DAY,ACTIVE,2025-01-01,,STKN-000294,ERPULSE_SYNTH_ROSTER,1,2025-12-20T00:00:00
S0295,D012,PHYSICIAN,DAY,ACTIVE,2025-01-01,,STKN-000295,ERPULSE_SYNTH_ROSTER,1,2025-12-20T00:00:00
S0296,D001,REGISTRAR,NIGHT,ACTIVE,2025-01-01,,STKN-000296,ERPULSE_SYNTH_ROSTER,1,2025-12-20T00:00:00
S0297,D002,PHYSICIAN,EVENING,ACTIVE,2025-01-01,,STKN-000297,ERPULSE_SYNTH_ROSTER,1,2025-12-20T00:00:00
S0298,D006,TECHNICIAN,DAY,ACTIVE,2025-01-01,,STKN-000298,ERPULSE_SYNTH_ROSTER,1,2025-12-20T00:00:00
S0299,D004,ED_NURSE,EVENING,ACTIVE,2025-01-01,,STKN-000299,ERPULSE_SYNTH_ROSTER,1,2025-12-20T00:00:00
S0300,D002,TRIAGE_NURSE,DAY,ACTIVE,2025-01-01,,STKN-000300,ERPULSE_SYNTH_ROSTER,1,2025-12-20T00:00:00
S0301,D001,REGISTRAR,EVENING,ACTIVE,2025-01-01,,STKN-000301,ERPULSE_SYNTH_ROSTER,1,2025-12-20T00:00:00
S0302,D009,PHYSICIAN,EVENING,ACTIVE,2025-01-01,,STKN-000302,ERPULSE_SYNTH_ROSTER,1,2025-12-20T00:00:00
S0303,D006,TECHNICIAN,EVENING,ACTIVE,2025-01-01,,STKN-000303,ERPULSE_SYNTH_ROSTER,1,2025-12-20T00:00:00
S0304,D011,ED_NURSE,DAY,ACTIVE,2025-01-01,,STKN-000304,ERPULSE_SYNTH_ROSTER,1,2025-12-20T00:00:00
S0305,D007,RESIDENT,EVENING,ACTIVE,2025-01-01,,STKN-000305,ERPULSE_SYNTH_ROSTER,1,2025-12-20T00:00:00
S0306,D001,REGISTRAR,EVENING,ACTIVE,2025-01-01,,STKN-000306,ERPULSE_SYNTH_ROSTER,1,2025-12-20T00:00:00
S0307,D012,PHYSICIAN,NIGHT,ACTIVE,2025-01-01,,STKN-000307,ERPULSE_SYNTH_ROSTER,1,2025-12-20T00:00:00
S0308,D011,TRIAGE_NURSE,DAY,ACTIVE,2025-01-01,,STKN-000308,ERPULSE_SYNTH_ROSTER,1,2025-12-20T00:00:00
S0309,D005,TRIAGE_NURSE,NIGHT,ACTIVE,2025-01-01,,STKN-000309,ERPULSE_SYNTH_ROSTER,1,2025-12-20T00:00:00
S0310,D007,TECHNICIAN,NIGHT,ACTIVE,2025-01-01,,STKN-000310,ERPULSE_SYNTH_ROSTER,1,2025-12-20T00:00:00
S0311,D001,ED_NURSE,DAY,ACTIVE,2025-01-01,,STKN-000311,ERPULSE_SYNTH_ROSTER,1,2025-12-20T00:00:00
S0312,D011,TRIAGE_NURSE,NIGHT,ACTIVE,2025-01-01,,STKN-000312,ERPULSE_SYNTH_ROSTER,1,2025-12-20T00:00:00
S0313,D006,REGISTRAR,DAY,ACTIVE,2025-01-01,,STKN-000313,ERPULSE_SYNTH_ROSTER,1,2025-12-20T00:00:00
S0314,D004,ED_NURSE,DAY,ACTIVE,2025-01-01,,STKN-000314,ERPULSE_SYNTH_ROSTER,1,2025-12-20T00:00:00
S0315,D001,ED_NURSE,DAY,ACTIVE,2025-01-01,,STKN-000315,ERPULSE_SYNTH_ROSTER,1,2025-12-20T00:00:00
S0316,D001,TRIAGE_NURSE,NIGHT,ACTIVE,2025-01-01,,STKN-000316,ERPULSE_SYNTH_ROSTER,1,2025-12-20T00:00:00
S0317,D002,TECHNICIAN,DAY,ACTIVE,2025-01-01,,STKN-000317,ERPULSE_SYNTH_ROSTER,1,2025-12-20T00:00:00
S0318,D011,ED_NURSE,DAY,ACTIVE,2025-01-01,,STKN-000318,ERPULSE_SYNTH_ROSTER,1,2025-12-20T00:00:00
S0319,D001,RESIDENT,DAY,ACTIVE,2025-01-01,,STKN-000319,ERPULSE_SYNTH_ROSTER,1,2025-12-20T00:00:00
S0320,D001,REGISTRAR,NIGHT,ACTIVE,2025-01-01,,STKN-000320,ERPULSE_SYNTH_ROSTER,1,2025-12-20T00:00:00
S0321,D008,RESIDENT,DAY,ACTIVE,2025-01-01,,STKN-000321,ERPULSE_SYNTH_ROSTER,1,2025-12-20T00:00:00
S0322,D002,TRIAGE_NURSE,NIGHT,ACTIVE,2025-01-01,,STKN-000322,ERPULSE_SYNTH_ROSTER,1,2025-12-20T00:00:00
S0323,D012,PHYSICIAN,DAY,ACTIVE,2025-01-01,,STKN-000323,ERPULSE_SYNTH_ROSTER,1,2025-12-20T00:00:00
S0324,D012,PHYSICIAN,DAY,ACTIVE,2025-01-01,,STKN-000324,ERPULSE_SYNTH_ROSTER,1,2025-12-20T00:00:00
S0325,D001,RESIDENT,NIGHT,ACTIVE,2025-01-01,,STKN-000325,ERPULSE_SYNTH_ROSTER,1,2025-12-20T00:00:00
S0326,D003,REGISTRAR,DAY,ACTIVE,2025-01-01,,STKN-000326,ERPULSE_SYNTH_ROSTER,1,2025-12-20T00:00:00
S0327,D005,ED_NURSE,EVENING,ACTIVE,2025-01-01,,STKN-000327,ERPULSE_SYNTH_ROSTER,1,2025-12-20T00:00:00
S0328,D004,TRIAGE_NURSE,EVENING,ACTIVE,2025-01-01,,STKN-000328,ERPULSE_SYNTH_ROSTER,1,2025-12-20T00:00:00
S0329,D003,TECHNICIAN,DAY,ACTIVE,2025-01-01,,STKN-000329,ERPULSE_SYNTH_ROSTER,1,2025-12-20T00:00:00
S0330,D001,RESIDENT,DAY,ACTIVE,2025-01-01,,STKN-000330,ERPULSE_SYNTH_ROSTER,1,2025-12-20T00:00:00
S0331,D007,REGISTRAR,EVENING,ACTIVE,2025-01-01,,STKN-000331,ERPULSE_SYNTH_ROSTER,1,2025-12-20T00:00:00
S0332,D010,ED_NURSE,EVENING,ACTIVE,2025-01-01,,STKN-000332,ERPULSE_SYNTH_ROSTER,1,2025-12-20T00:00:00
S0333,D005,ED_NURSE,NIGHT,ACTIVE,2025-01-01,,STKN-000333,ERPULSE_SYNTH_ROSTER,1,2025-12-20T00:00:00
S0334,D012,PHYSICIAN,DAY,ACTIVE,2025-01-01,,STKN-000334,ERPULSE_SYNTH_ROSTER,1,2025-12-20T00:00:00
S0335,D005,RESIDENT,DAY,ACTIVE,2025-01-01,,STKN-000335,ERPULSE_SYNTH_ROSTER,1,2025-12-20T00:00:00
S0336,D010,RESIDENT,NIGHT,ACTIVE,2025-01-01,,STKN-000336,ERPULSE_SYNTH_ROSTER,1,2025-12-20T00:00:00
S0337,D005,RESIDENT,DAY,ACTIVE,2025-01-01,,STKN-000337,ERPULSE_SYNTH_ROSTER,1,2025-12-20T00:00:00
S0338,D001,PHYSICIAN,NIGHT,ACTIVE,2025-01-01,,STKN-000338,ERPULSE_SYNTH_ROSTER,1,2025-12-20T00:00:00
S0339,D007,TECHNICIAN,EVENING,ACTIVE,2025-01-01,,STKN-000339,ERPULSE_SYNTH_ROSTER,1,2025-12-20T00:00:00
S0340,D001,RESIDENT,NIGHT,ACTIVE,2025-01-01,,STKN-000340,ERPULSE_SYNTH_ROSTER,1,2025-12-20T00:00:00
S0341,D005,REGISTRAR,NIGHT,ACTIVE,2025-01-01,,STKN-000341,ERPULSE_SYNTH_ROSTER,1,2025-12-20T00:00:00
S0342,D001,RESIDENT,EVENING,ACTIVE,2025-01-01,,STKN-000342,ERPULSE_SYNTH_ROSTER,1,2025-12-20T00:00:00
S0343,D005,BED_COORDINATOR,DAY,ACTIVE,2025-01-01,,STKN-000343,ERPULSE_SYNTH_ROSTER,1,2025-12-20T00:00:00
S0344,D008,BED_COORDINATOR,DAY,ACTIVE,2025-01-01,,STKN-000344,ERPULSE_SYNTH_ROSTER,1,2025-12-20T00:00:00
S0345,D002,TECHNICIAN,NIGHT,ACTIVE,2025-01-01,,STKN-000345,ERPULSE_SYNTH_ROSTER,1,2025-12-20T00:00:00
S0346,D009,RESIDENT,EVENING,ACTIVE,2025-01-01,,STKN-000346,ERPULSE_SYNTH_ROSTER,1,2025-12-20T00:00:00
S0347,D009,TECHNICIAN,EVENING,ACTIVE,2025-01-01,,STKN-000347,ERPULSE_SYNTH_ROSTER,1,2025-12-20T00:00:00
S0348,D010,ED_NURSE,NIGHT,ACTIVE,2025-01-01,,STKN-000348,ERPULSE_SYNTH_ROSTER,1,2025-12-20T00:00:00
S0349,D008,TECHNICIAN,EVENING,ACTIVE,2025-01-01,,STKN-000349,ERPULSE_SYNTH_ROSTER,1,2025-12-20T00:00:00
S0350,D001,PHYSICIAN,DAY,ACTIVE,2025-01-01,,STKN-000350,ERPULSE_SYNTH_ROSTER,1,2025-12-20T00:00:00
S0351,D010,TRIAGE_NURSE,EVENING,ACTIVE,2025-01-01,,STKN-000351,ERPULSE_SYNTH_ROSTER,1,2025-12-20T00:00:00
S0352,D007,TECHNICIAN,NIGHT,ACTIVE,2025-01-01,,STKN-000352,ERPULSE_SYNTH_ROSTER,1,2025-12-20T00:00:00
S0353,D001,REGISTRAR,DAY,ACTIVE,2025-01-01,,STKN-000353,ERPULSE_SYNTH_ROSTER,1,2025-12-20T00:00:00
S0354,D006,PHYSICIAN,NIGHT,ACTIVE,2025-01-01,,STKN-000354,ERPULSE_SYNTH_ROSTER,1,2025-12-20T00:00:00
S0355,D004,RESIDENT,EVENING,ACTIVE,2025-01-01,,STKN-000355,ERPULSE_SYNTH_ROSTER,1,2025-12-20T00:00:00
S0356,D006,TECHNICIAN,EVENING,ACTIVE,2025-01-01,,STKN-000356,ERPULSE_SYNTH_ROSTER,1,2025-12-20T00:00:00
S0357,D012,PHYSICIAN,NIGHT,ACTIVE,2025-01-01,,STKN-000357,ERPULSE_SYNTH_ROSTER,1,2025-12-20T00:00:00
S0358,D012,TECHNICIAN,DAY,ACTIVE,2025-01-01,,STKN-000358,ERPULSE_SYNTH_ROSTER,1,2025-12-20T00:00:00
S0359,D011,RESIDENT,DAY,ACTIVE,2025-01-01,,STKN-000359,ERPULSE_SYNTH_ROSTER,1,2025-12-20T00:00:00
S0360,D012,RESIDENT,DAY,ACTIVE,2025-01-01,,STKN-000360,ERPULSE_SYNTH_ROSTER,1,2025-12-20T00:00:00
S0361,D001,TECHNICIAN,EVENING,ACTIVE,2025-01-01,,STKN-000361,ERPULSE_SYNTH_ROSTER,1,2025-12-20T00:00:00
S0362,D011,PHYSICIAN,EVENING,ACTIVE,2025-01-01,,STKN-000362,ERPULSE_SYNTH_ROSTER,1,2025-12-20T00:00:00
S0363,D001,TECHNICIAN,NIGHT,ACTIVE,2025-01-01,,STKN-000363,ERPULSE_SYNTH_ROSTER,1,2025-12-20T00:00:00
S0364,D011,RESIDENT,EVENING,ACTIVE,2025-01-01,,STKN-000364,ERPULSE_SYNTH_ROSTER,1,2025-12-20T00:00:00
S0365,D001,PHYSICIAN,EVENING,ACTIVE,2025-01-01,,STKN-000365,ERPULSE_SYNTH_ROSTER,1,2025-12-20T00:00:00
S0366,D003,BED_COORDINATOR,DAY,ACTIVE,2025-01-01,,STKN-000366,ERPULSE_SYNTH_ROSTER,1,2025-12-20T00:00:00
S0367,D008,ED_NURSE,EVENING,ACTIVE,2025-01-01,,STKN-000367,ERPULSE_SYNTH_ROSTER,1,2025-12-20T00:00:00
S0368,D008,TRIAGE_NURSE,EVENING,ACTIVE,2025-01-01,,STKN-000368,ERPULSE_SYNTH_ROSTER,1,2025-12-20T00:00:00
S0369,D002,ED_NURSE,DAY,ACTIVE,2025-01-01,,STKN-000369,ERPULSE_SYNTH_ROSTER,1,2025-12-20T00:00:00
S0370,D005,BED_COORDINATOR,DAY,ACTIVE,2025-01-01,,STKN-000370,ERPULSE_SYNTH_ROSTER,1,2025-12-20T00:00:00
S0371,D006,TECHNICIAN,DAY,ACTIVE,2025-01-01,,STKN-000371,ERPULSE_SYNTH_ROSTER,1,2025-12-20T00:00:00
S0372,D007,TECHNICIAN,NIGHT,ACTIVE,2025-01-01,,STKN-000372,ERPULSE_SYNTH_ROSTER,1,2025-12-20T00:00:00
S0373,D003,BED_COORDINATOR,DAY,ACTIVE,2025-01-01,,STKN-000373,ERPULSE_SYNTH_ROSTER,1,2025-12-20T00:00:00
S0374,D010,PHYSICIAN,EVENING,ACTIVE,2025-01-01,,STKN-000374,ERPULSE_SYNTH_ROSTER,1,2025-12-20T00:00:00
S0375,D003,TECHNICIAN,NIGHT,ACTIVE,2025-01-01,,STKN-000375,ERPULSE_SYNTH_ROSTER,1,2025-12-20T00:00:00
S0376,D002,PHYSICIAN,DAY,ACTIVE,2025-01-01,,STKN-000376,ERPULSE_SYNTH_ROSTER,1,2025-12-20T00:00:00
S0377,D001,ED_NURSE,NIGHT,ACTIVE,2025-01-01,,STKN-000377,ERPULSE_SYNTH_ROSTER,1,2025-12-20T00:00:00
S0378,D011,RESIDENT,DAY,ACTIVE,2025-01-01,,STKN-000378,ERPULSE_SYNTH_ROSTER,1,2025-12-20T00:00:00
S0379,D006,TECHNICIAN,NIGHT,ACTIVE,2025-01-01,,STKN-000379,ERPULSE_SYNTH_ROSTER,1,2025-12-20T00:00:00
S0380,D006,TECHNICIAN,DAY,ACTIVE,2025-01-01,,STKN-000380,ERPULSE_SYNTH_ROSTER,1,2025-12-20T00:00:00
S0381,D008,PHYSICIAN,EVENING,ACTIVE,2025-01-01,,STKN-000381,ERPULSE_SYNTH_ROSTER,1,2025-12-20T00:00:00
S0382,D010,ED_NURSE,DAY,ACTIVE,2025-01-01,,STKN-000382,ERPULSE_SYNTH_ROSTER,1,2025-12-20T00:00:00
S0383,D002,ED_NURSE,DAY,ACTIVE,2025-01-01,,STKN-000383,ERPULSE_SYNTH_ROSTER,1,2025-12-20T00:00:00
S0384,D009,ED_NURSE,EVENING,ACTIVE,2025-01-01,,STKN-000384,ERPULSE_SYNTH_ROSTER,1,2025-12-20T00:00:00
S0385,D001,BED_COORDINATOR,DAY,ACTIVE,2025-01-01,,STKN-000385,ERPULSE_SYNTH_ROSTER,1,2025-12-20T00:00:00
S0386,D006,PHYSICIAN,DAY,ACTIVE,2025-01-01,,STKN-000386,ERPULSE_SYNTH_ROSTER,1,2025-12-20T00:00:00
S0387,D001,TECHNICIAN,DAY,ACTIVE,2025-01-01,,STKN-000387,ERPULSE_SYNTH_ROSTER,1,2025-12-20T00:00:00
S0388,D001,REGISTRAR,DAY,ACTIVE,2025-01-01,,STKN-000388,ERPULSE_SYNTH_ROSTER,1,2025-12-20T00:00:00
S0389,D010,PHYSICIAN,EVENING,ACTIVE,2025-01-01,,STKN-000389,ERPULSE_SYNTH_ROSTER,1,2025-12-20T00:00:00
S0390,D004,ED_NURSE,EVENING,ACTIVE,2025-01-01,,STKN-000390,ERPULSE_SYNTH_ROSTER,1,2025-12-20T00:00:00
S0391,D011,ED_NURSE,EVENING,ACTIVE,2025-01-01,,STKN-000391,ERPULSE_SYNTH_ROSTER,1,2025-12-20T00:00:00
S0392,D001,ED_NURSE,DAY,ACTIVE,2025-01-01,,STKN-000392,ERPULSE_SYNTH_ROSTER,1,2025-12-20T00:00:00
S0393,D012,PHYSICIAN,NIGHT,ACTIVE,2025-01-01,,STKN-000393,ERPULSE_SYNTH_ROSTER,1,2025-12-20T00:00:00
S0394,D009,PHYSICIAN,EVENING,ACTIVE,2025-01-01,,STKN-000394,ERPULSE_SYNTH_ROSTER,1,2025-12-20T00:00:00
S0395,D005,ED_NURSE,DAY,ACTIVE,2025-01-01,,STKN-000395,ERPULSE_SYNTH_ROSTER,1,2025-12-20T00:00:00
S0396,D012,TECHNICIAN,DAY,ACTIVE,2025-01-01,,STKN-000396,ERPULSE_SYNTH_ROSTER,1,2025-12-20T00:00:00
S0397,D002,REGISTRAR,DAY,ACTIVE,2025-01-01,,STKN-000397,ERPULSE_SYNTH_ROSTER,1,2025-12-20T00:00:00
S0398,D003,TRIAGE_NURSE,EVENING,ACTIVE,2025-01-01,,STKN-000398,ERPULSE_SYNTH_ROSTER,1,2025-12-20T00:00:00
S0399,D011,PHYSICIAN,DAY,ACTIVE,2025-01-01,,STKN-000399,ERPULSE_SYNTH_ROSTER,1,2025-12-20T00:00:00
S0400,D006,TECHNICIAN,DAY,ACTIVE,2025-01-01,,STKN-000400,ERPULSE_SYNTH_ROSTER,1,2025-12-20T00:00:00
S0401,D007,TECHNICIAN,DAY,ACTIVE,2025-01-01,,STKN-000401,ERPULSE_SYNTH_ROSTER,1,2025-12-20T00:00:00
S0402,D009,ED_NURSE,DAY,ACTIVE,2025-01-01,,STKN-000402,ERPULSE_SYNTH_ROSTER,1,2025-12-20T00:00:00
S0403,D002,TRIAGE_NURSE,EVENING,ACTIVE,2025-01-01,,STKN-000403,ERPULSE_SYNTH_ROSTER,1,2025-12-20T00:00:00
S0404,D005,TECHNICIAN,EVENING,ACTIVE,2025-01-01,,STKN-000404,ERPULSE_SYNTH_ROSTER,1,2025-12-20T00:00:00
S0405,D010,ED_NURSE,NIGHT,ACTIVE,2025-01-01,,STKN-000405,ERPULSE_SYNTH_ROSTER,1,2025-12-20T00:00:00
S0406,D007,TECHNICIAN,DAY,ACTIVE,2025-01-01,,STKN-000406,ERPULSE_SYNTH_ROSTER,1,2025-12-20T00:00:00
S0407,D008,TRIAGE_NURSE,DAY,ACTIVE,2025-01-01,,STKN-000407,ERPULSE_SYNTH_ROSTER,1,2025-12-20T00:00:00
S0408,D003,ED_NURSE,DAY,ACTIVE,2025-01-01,,STKN-000408,ERPULSE_SYNTH_ROSTER,1,2025-12-20T00:00:00
S0409,D012,ED_NURSE,EVENING,ACTIVE,2025-01-01,,STKN-000409,ERPULSE_SYNTH_ROSTER,1,2025-12-20T00:00:00
S0410,D001,TECHNICIAN,EVENING,ACTIVE,2025-01-01,,STKN-000410,ERPULSE_SYNTH_ROSTER,1,2025-12-20T00:00:00
S0411,D010,TECHNICIAN,NIGHT,ACTIVE,2025-01-01,,STKN-000411,ERPULSE_SYNTH_ROSTER,1,2025-12-20T00:00:00
S0412,D010,RESIDENT,EVENING,ACTIVE,2025-01-01,,STKN-000412,ERPULSE_SYNTH_ROSTER,1,2025-12-20T00:00:00
S0413,D007,REGISTRAR,NIGHT,ACTIVE,2025-01-01,,STKN-000413,ERPULSE_SYNTH_ROSTER,1,2025-12-20T00:00:00
S0414,D010,TRIAGE_NURSE,NIGHT,ACTIVE,2025-01-01,,STKN-000414,ERPULSE_SYNTH_ROSTER,1,2025-12-20T00:00:00
S0415,D001,RESIDENT,DAY,ACTIVE,2025-01-01,,STKN-000415,ERPULSE_SYNTH_ROSTER,1,2025-12-20T00:00:00
S0416,D001,REGISTRAR,DAY,ACTIVE,2025-01-01,,STKN-000416,ERPULSE_SYNTH_ROSTER,1,2025-12-20T00:00:00
S0417,D010,TRIAGE_NURSE,DAY,ACTIVE,2025-01-01,,STKN-000417,ERPULSE_SYNTH_ROSTER,1,2025-12-20T00:00:00
S0418,D005,REGISTRAR,EVENING,ACTIVE,2025-01-01,,STKN-000418,ERPULSE_SYNTH_ROSTER,1,2025-12-20T00:00:00
S0419,D009,RESIDENT,EVENING,ACTIVE,2025-01-01,,STKN-000419,ERPULSE_SYNTH_ROSTER,1,2025-12-20T00:00:00
S0420,D007,PHYSICIAN,NIGHT,ACTIVE,2025-01-01,,STKN-000420,ERPULSE_SYNTH_ROSTER,1,2025-12-20T00:00:00
S0421,D007,RESIDENT,NIGHT,ACTIVE,2025-01-01,,STKN-000421,ERPULSE_SYNTH_ROSTER,1,2025-12-20T00:00:00
S0422,D001,PHYSICIAN,EVENING,ACTIVE,2025-01-01,,STKN-000422,ERPULSE_SYNTH_ROSTER,1,2025-12-20T00:00:00
S0423,D001,BED_COORDINATOR,DAY,ACTIVE,2025-01-01,,STKN-000423,ERPULSE_SYNTH_ROSTER,1,2025-12-20T00:00:00
S0424,D006,RESIDENT,EVENING,ACTIVE,2025-01-01,,STKN-000424,ERPULSE_SYNTH_ROSTER,1,2025-12-20T00:00:00
S0425,D002,ED_NURSE,EVENING,ACTIVE,2025-01-01,,STKN-000425,ERPULSE_SYNTH_ROSTER,1,2025-12-20T00:00:00
S0426,D003,PHYSICIAN,EVENING,ACTIVE,2025-01-01,,STKN-000426,ERPULSE_SYNTH_ROSTER,1,2025-12-20T00:00:00
S0427,D010,ED_NURSE,DAY,ACTIVE,2025-01-01,,STKN-000427,ERPULSE_SYNTH_ROSTER,1,2025-12-20T00:00:00
S0428,D007,REGISTRAR,EVENING,ACTIVE,2025-01-01,,STKN-000428,ERPULSE_SYNTH_ROSTER,1,2025-12-20T00:00:00
S0429,D012,RESIDENT,NIGHT,ACTIVE,2025-01-01,,STKN-000429,ERPULSE_SYNTH_ROSTER,1,2025-12-20T00:00:00
S0430,D007,TECHNICIAN,NIGHT,ACTIVE,2025-01-01,,STKN-000430,ERPULSE_SYNTH_ROSTER,1,2025-12-20T00:00:00
S0431,D001,ED_NURSE,DAY,ACTIVE,2025-01-01,,STKN-000431,ERPULSE_SYNTH_ROSTER,1,2025-12-20T00:00:00
S0432,D003,REGISTRAR,NIGHT,ACTIVE,2025-01-01,,STKN-000432,ERPULSE_SYNTH_ROSTER,1,2025-12-20T00:00:00
S0433,D004,TECHNICIAN,NIGHT,ACTIVE,2025-01-01,,STKN-000433,ERPULSE_SYNTH_ROSTER,1,2025-12-20T00:00:00
S0434,D005,ED_NURSE,DAY,ACTIVE,2025-01-01,,STKN-000434,ERPULSE_SYNTH_ROSTER,1,2025-12-20T00:00:00
S0435,D012,TRIAGE_NURSE,EVENING,ACTIVE,2025-01-01,,STKN-000435,ERPULSE_SYNTH_ROSTER,1,2025-12-20T00:00:00
S0436,D011,PHYSICIAN,EVENING,ACTIVE,2025-01-01,,STKN-000436,ERPULSE_SYNTH_ROSTER,1,2025-12-20T00:00:00
S0437,D005,REGISTRAR,DAY,ACTIVE,2025-01-01,,STKN-000437,ERPULSE_SYNTH_ROSTER,1,2025-12-20T00:00:00
S0438,D011,TRIAGE_NURSE,NIGHT,ACTIVE,2025-01-01,,STKN-000438,ERPULSE_SYNTH_ROSTER,1,2025-12-20T00:00:00
S0439,D005,PHYSICIAN,DAY,ACTIVE,2025-01-01,,STKN-000439,ERPULSE_SYNTH_ROSTER,1,2025-12-20T00:00:00
S0440,D012,ED_NURSE,DAY,ACTIVE,2025-01-01,,STKN-000440,ERPULSE_SYNTH_ROSTER,1,2025-12-20T00:00:00
S0441,D002,ED_NURSE,NIGHT,ACTIVE,2025-01-01,,STKN-000441,ERPULSE_SYNTH_ROSTER,1,2025-12-20T00:00:00
S0442,D002,REGISTRAR,DAY,ACTIVE,2025-01-01,,STKN-000442,ERPULSE_SYNTH_ROSTER,1,2025-12-20T00:00:00
S0443,D001,PHYSICIAN,DAY,ACTIVE,2025-01-01,,STKN-000443,ERPULSE_SYNTH_ROSTER,1,2025-12-20T00:00:00
S0444,D011,ED_NURSE,DAY,ACTIVE,2025-01-01,,STKN-000444,ERPULSE_SYNTH_ROSTER,1,2025-12-20T00:00:00
S0445,D004,RESIDENT,EVENING,ACTIVE,2025-01-01,,STKN-000445,ERPULSE_SYNTH_ROSTER,1,2025-12-20T00:00:00
S0446,D007,TECHNICIAN,EVENING,ACTIVE,2025-01-01,,STKN-000446,ERPULSE_SYNTH_ROSTER,1,2025-12-20T00:00:00
S0447,D009,RESIDENT,DAY,ACTIVE,2025-01-01,,STKN-000447,ERPULSE_SYNTH_ROSTER,1,2025-12-20T00:00:00
S0448,D007,PHYSICIAN,EVENING,ACTIVE,2025-01-01,,STKN-000448,ERPULSE_SYNTH_ROSTER,1,2025-12-20T00:00:00
S0449,D011,TECHNICIAN,EVENING,ACTIVE,2025-01-01,,STKN-000449,ERPULSE_SYNTH_ROSTER,1,2025-12-20T00:00:00
S0450,D002,PHYSICIAN,DAY,ACTIVE,2025-01-01,,STKN-000450,ERPULSE_SYNTH_ROSTER,1,2025-12-20T00:00:00
S0451,D009,ED_NURSE,DAY,ACTIVE,2025-01-01,,STKN-000451,ERPULSE_SYNTH_ROSTER,1,2025-12-20T00:00:00
S0452,D012,TECHNICIAN,NIGHT,ACTIVE,2025-01-01,,STKN-000452,ERPULSE_SYNTH_ROSTER,1,2025-12-20T00:00:00
S0453,D009,TECHNICIAN,DAY,ACTIVE,2025-01-01,,STKN-000453,ERPULSE_SYNTH_ROSTER,1,2025-12-20T00:00:00
S0454,D001,RESIDENT,DAY,ACTIVE,2025-01-01,,STKN-000454,ERPULSE_SYNTH_ROSTER,1,2025-12-20T00:00:00
S0455,D001,ED_NURSE,DAY,ACTIVE,2025-01-01,,STKN-000455,ERPULSE_SYNTH_ROSTER,1,2025-12-20T00:00:00
S0456,D002,TRIAGE_NURSE,DAY,ACTIVE,2025-01-01,,STKN-000456,ERPULSE_SYNTH_ROSTER,1,2025-12-20T00:00:00
S0457,D002,BED_COORDINATOR,EVENING,ACTIVE,2025-01-01,,STKN-000457,ERPULSE_SYNTH_ROSTER,1,2025-12-20T00:00:00
S0458,D009,TRIAGE_NURSE,NIGHT,ACTIVE,2025-01-01,,STKN-000458,ERPULSE_SYNTH_ROSTER,1,2025-12-20T00:00:00
S0459,D008,TECHNICIAN,NIGHT,ACTIVE,2025-01-01,,STKN-000459,ERPULSE_SYNTH_ROSTER,1,2025-12-20T00:00:00
S0460,D007,TECHNICIAN,EVENING,ACTIVE,2025-01-01,,STKN-000460,ERPULSE_SYNTH_ROSTER,1,2025-12-20T00:00:00
S0461,D012,ED_NURSE,DAY,ACTIVE,2025-01-01,,STKN-000461,ERPULSE_SYNTH_ROSTER,1,2025-12-20T00:00:00
S0462,D004,ED_NURSE,NIGHT,ACTIVE,2025-01-01,,STKN-000462,ERPULSE_SYNTH_ROSTER,1,2025-12-20T00:00:00
S0463,D011,ED_NURSE,NIGHT,ACTIVE,2025-01-01,,STKN-000463,ERPULSE_SYNTH_ROSTER,1,2025-12-20T00:00:00
S0464,D008,ED_NURSE,NIGHT,ACTIVE,2025-01-01,,STKN-000464,ERPULSE_SYNTH_ROSTER,1,2025-12-20T00:00:00
S0465,D008,TRIAGE_NURSE,DAY,ACTIVE,2025-01-01,,STKN-000465,ERPULSE_SYNTH_ROSTER,1,2025-12-20T00:00:00
S0466,D005,TECHNICIAN,NIGHT,ACTIVE,2025-01-01,,STKN-000466,ERPULSE_SYNTH_ROSTER,1,2025-12-20T00:00:00
S0467,D001,ED_NURSE,DAY,ACTIVE,2025-01-01,,STKN-000467,ERPULSE_SYNTH_ROSTER,1,2025-12-20T00:00:00
S0468,D001,REGISTRAR,DAY,ACTIVE,2025-01-01,,STKN-000468,ERPULSE_SYNTH_ROSTER,1,2025-12-20T00:00:00
S0469,D011,ED_NURSE,DAY,ACTIVE,2025-01-01,,STKN-000469,ERPULSE_SYNTH_ROSTER,1,2025-12-20T00:00:00
S0470,D003,RESIDENT,EVENING,ACTIVE,2025-01-01,,STKN-000470,ERPULSE_SYNTH_ROSTER,1,2025-12-20T00:00:00
S0471,D012,BED_COORDINATOR,NIGHT,ACTIVE,2025-01-01,,STKN-000471,ERPULSE_SYNTH_ROSTER,1,2025-12-20T00:00:00
S0472,D010,ED_NURSE,EVENING,ACTIVE,2025-01-01,,STKN-000472,ERPULSE_SYNTH_ROSTER,1,2025-12-20T00:00:00
S0473,D003,TRIAGE_NURSE,NIGHT,ACTIVE,2025-01-01,,STKN-000473,ERPULSE_SYNTH_ROSTER,1,2025-12-20T00:00:00
S0474,D001,ED_NURSE,DAY,ACTIVE,2025-01-01,,STKN-000474,ERPULSE_SYNTH_ROSTER,1,2025-12-20T00:00:00
S0475,D003,TECHNICIAN,EVENING,ACTIVE,2025-01-01,,STKN-000475,ERPULSE_SYNTH_ROSTER,1,2025-12-20T00:00:00
S0476,D008,TECHNICIAN,EVENING,ACTIVE,2025-01-01,,STKN-000476,ERPULSE_SYNTH_ROSTER,1,2025-12-20T00:00:00
S0477,D012,TRIAGE_NURSE,DAY,ACTIVE,2025-01-01,,STKN-000477,ERPULSE_SYNTH_ROSTER,1,2025-12-20T00:00:00
S0478,D009,ED_NURSE,EVENING,ACTIVE,2025-01-01,,STKN-000478,ERPULSE_SYNTH_ROSTER,1,2025-12-20T00:00:00
S0479,D001,ED_NURSE,DAY,ACTIVE,2025-01-01,,STKN-000479,ERPULSE_SYNTH_ROSTER,1,2025-12-20T00:00:00
S0480,D004,RESIDENT,DAY,ACTIVE,2025-01-01,,STKN-000480,ERPULSE_SYNTH_ROSTER,1,2025-12-20T00:00:00
S0481,D005,ED_NURSE,NIGHT,ACTIVE,2025-01-01,,STKN-000481,ERPULSE_SYNTH_ROSTER,1,2025-12-20T00:00:00
S0482,D003,PHYSICIAN,NIGHT,ACTIVE,2025-01-01,,STKN-000482,ERPULSE_SYNTH_ROSTER,1,2025-12-20T00:00:00
S0483,D012,ED_NURSE,DAY,ACTIVE,2025-01-01,,STKN-000483,ERPULSE_SYNTH_ROSTER,1,2025-12-20T00:00:00
S0484,D008,TRIAGE_NURSE,NIGHT,ACTIVE,2025-01-01,,STKN-000484,ERPULSE_SYNTH_ROSTER,1,2025-12-20T00:00:00
S0485,D001,TRIAGE_NURSE,EVENING,ACTIVE,2025-01-01,,STKN-000485,ERPULSE_SYNTH_ROSTER,1,2025-12-20T00:00:00
S0486,D006,RESIDENT,DAY,ACTIVE,2025-01-01,,STKN-000486,ERPULSE_SYNTH_ROSTER,1,2025-12-20T00:00:00
S0487,D011,ED_NURSE,EVENING,ACTIVE,2025-01-01,,STKN-000487,ERPULSE_SYNTH_ROSTER,1,2025-12-20T00:00:00
S0488,D001,PHYSICIAN,NIGHT,ACTIVE,2025-01-01,,STKN-000488,ERPULSE_SYNTH_ROSTER,1,2025-12-20T00:00:00
S0489,D009,PHYSICIAN,NIGHT,ACTIVE,2025-01-01,,STKN-000489,ERPULSE_SYNTH_ROSTER,1,2025-12-20T00:00:00
S0490,D001,ED_NURSE,DAY,ACTIVE,2025-01-01,,STKN-000490,ERPULSE_SYNTH_ROSTER,1,2025-12-20T00:00:00
S0491,D001,TECHNICIAN,EVENING,ACTIVE,2025-01-01,,STKN-000491,ERPULSE_SYNTH_ROSTER,1,2025-12-20T00:00:00
S0492,D002,ED_NURSE,EVENING,ACTIVE,2025-01-01,,STKN-000492,ERPULSE_SYNTH_ROSTER,1,2025-12-20T00:00:00
S0493,D010,PHYSICIAN,NIGHT,ACTIVE,2025-01-01,,STKN-000493,ERPULSE_SYNTH_ROSTER,1,2025-12-20T00:00:00
S0494,D011,TRIAGE_NURSE,EVENING,ACTIVE,2025-01-01,,STKN-000494,ERPULSE_SYNTH_ROSTER,1,2025-12-20T00:00:00
S0495,D010,PHYSICIAN,EVENING,ACTIVE,2025-01-01,,STKN-000495,ERPULSE_SYNTH_ROSTER,1,2025-12-20T00:00:00
S0496,D011,ED_NURSE,DAY,ACTIVE,2025-01-01,,STKN-000496,ERPULSE_SYNTH_ROSTER,1,2025-12-20T00:00:00
S0497,D003,RESIDENT,DAY,ACTIVE,2025-01-01,,STKN-000497,ERPULSE_SYNTH_ROSTER,1,2025-12-20T00:00:00
S0498,D002,REGISTRAR,EVENING,ACTIVE,2025-01-01,,STKN-000498,ERPULSE_SYNTH_ROSTER,1,2025-12-20T00:00:00
S0499,D007,TECHNICIAN,DAY,ACTIVE,2025-01-01,,STKN-000499,ERPULSE_SYNTH_ROSTER,1,2025-12-20T00:00:00
S0500,D011,BED_COORDINATOR,DAY,ACTIVE,2025-01-01,,STKN-000500,ERPULSE_SYNTH_ROSTER,1,2025-12-20T00:00:00
S0501,D001,BED_COORDINATOR,DAY,ACTIVE,2025-01-01,,STKN-000501,ERPULSE_SYNTH_ROSTER,1,2025-12-20T00:00:00
S0502,D002,REGISTRAR,NIGHT,ACTIVE,2025-01-01,,STKN-000502,ERPULSE_SYNTH_ROSTER,1,2025-12-20T00:00:00
S0503,D005,RESIDENT,EVENING,ACTIVE,2025-01-01,,STKN-000503,ERPULSE_SYNTH_ROSTER,1,2025-12-20T00:00:00
S0504,D001,REGISTRAR,EVENING,ACTIVE,2025-01-01,,STKN-000504,ERPULSE_SYNTH_ROSTER,1,2025-12-20T00:00:00
S0505,D009,ED_NURSE,DAY,ACTIVE,2025-01-01,,STKN-000505,ERPULSE_SYNTH_ROSTER,1,2025-12-20T00:00:00
S0506,D010,PHYSICIAN,EVENING,ACTIVE,2025-01-01,,STKN-000506,ERPULSE_SYNTH_ROSTER,1,2025-12-20T00:00:00
S0507,D001,PHYSICIAN,DAY,ACTIVE,2025-01-01,,STKN-000507,ERPULSE_SYNTH_ROSTER,1,2025-12-20T00:00:00
S0508,D003,TECHNICIAN,DAY,ACTIVE,2025-01-01,,STKN-000508,ERPULSE_SYNTH_ROSTER,1,2025-12-20T00:00:00
S0509,D005,ED_NURSE,DAY,ACTIVE,2025-01-01,,STKN-000509,ERPULSE_SYNTH_ROSTER,1,2025-12-20T00:00:00
S0510,D005,REGISTRAR,EVENING,ACTIVE,2025-01-01,,STKN-000510,ERPULSE_SYNTH_ROSTER,1,2025-12-20T00:00:00
S0511,D010,BED_COORDINATOR,DAY,ACTIVE,2025-01-01,,STKN-000511,ERPULSE_SYNTH_ROSTER,1,2025-12-20T00:00:00
S0512,D004,ED_NURSE,DAY,ACTIVE,2025-01-01,,STKN-000512,ERPULSE_SYNTH_ROSTER,1,2025-12-20T00:00:00
S0513,D001,ED_NURSE,EVENING,ACTIVE,2025-01-01,,STKN-000513,ERPULSE_SYNTH_ROSTER,1,2025-12-20T00:00:00
S0514,D004,TECHNICIAN,EVENING,ACTIVE,2025-01-01,,STKN-000514,ERPULSE_SYNTH_ROSTER,1,2025-12-20T00:00:00
S0515,D005,PHYSICIAN,EVENING,ACTIVE,2025-01-01,,STKN-000515,ERPULSE_SYNTH_ROSTER,1,2025-12-20T00:00:00
S0516,D003,PHYSICIAN,NIGHT,ACTIVE,2025-01-01,,STKN-000516,ERPULSE_SYNTH_ROSTER,1,2025-12-20T00:00:00
S0517,D012,PHYSICIAN,DAY,ACTIVE,2025-01-01,,STKN-000517,ERPULSE_SYNTH_ROSTER,1,2025-12-20T00:00:00
S0518,D008,BED_COORDINATOR,DAY,ACTIVE,2025-01-01,,STKN-000518,ERPULSE_SYNTH_ROSTER,1,2025-12-20T00:00:00
S0519,D002,PHYSICIAN,DAY,ACTIVE,2025-01-01,,STKN-000519,ERPULSE_SYNTH_ROSTER,1,2025-12-20T00:00:00
S0520,D010,RESIDENT,EVENING,ACTIVE,2025-01-01,,STKN-000520,ERPULSE_SYNTH_ROSTER,1,2025-12-20T00:00:00
S0521,D008,ED_NURSE,EVENING,ACTIVE,2025-01-01,,STKN-000521,ERPULSE_SYNTH_ROSTER,1,2025-12-20T00:00:00
S0522,D004,ED_NURSE,DAY,ACTIVE,2025-01-01,,STKN-000522,ERPULSE_SYNTH_ROSTER,1,2025-12-20T00:00:00
S0523,D006,BED_COORDINATOR,EVENING,ACTIVE,2025-01-01,,STKN-000523,ERPULSE_SYNTH_ROSTER,1,2025-12-20T00:00:00
S0524,D010,BED_COORDINATOR,EVENING,ACTIVE,2025-01-01,,STKN-000524,ERPULSE_SYNTH_ROSTER,1,2025-12-20T00:00:00
S0525,D011,RESIDENT,NIGHT,ACTIVE,2025-01-01,,STKN-000525,ERPULSE_SYNTH_ROSTER,1,2025-12-20T00:00:00
S0526,D009,BED_COORDINATOR,NIGHT,ACTIVE,2025-01-01,,STKN-000526,ERPULSE_SYNTH_ROSTER,1,2025-12-20T00:00:00
S0527,D011,BED_COORDINATOR,DAY,ACTIVE,2025-01-01,,STKN-000527,ERPULSE_SYNTH_ROSTER,1,2025-12-20T00:00:00
S0528,D002,RESIDENT,EVENING,ACTIVE,2025-01-01,,STKN-000528,ERPULSE_SYNTH_ROSTER,1,2025-12-20T00:00:00
S0529,D006,TECHNICIAN,DAY,ACTIVE,2025-01-01,,STKN-000529,ERPULSE_SYNTH_ROSTER,1,2025-12-20T00:00:00
S0530,D008,TRIAGE_NURSE,EVENING,ACTIVE,2025-01-01,,STKN-000530,ERPULSE_SYNTH_ROSTER,1,2025-12-20T00:00:00
S0531,D001,TECHNICIAN,EVENING,ACTIVE,2025-01-01,,STKN-000531,ERPULSE_SYNTH_ROSTER,1,2025-12-20T00:00:00
S0532,D003,PHYSICIAN,NIGHT,ACTIVE,2025-01-01,,STKN-000532,ERPULSE_SYNTH_ROSTER,1,2025-12-20T00:00:00
S0533,D001,PHYSICIAN,DAY,ACTIVE,2025-01-01,,STKN-000533,ERPULSE_SYNTH_ROSTER,1,2025-12-20T00:00:00
S0534,D001,PHYSICIAN,NIGHT,ACTIVE,2025-01-01,,STKN-000534,ERPULSE_SYNTH_ROSTER,1,2025-12-20T00:00:00
S0535,D010,PHYSICIAN,EVENING,ACTIVE,2025-01-01,,STKN-000535,ERPULSE_SYNTH_ROSTER,1,2025-12-20T00:00:00
S0536,D003,TECHNICIAN,EVENING,ACTIVE,2025-01-01,,STKN-000536,ERPULSE_SYNTH_ROSTER,1,2025-12-20T00:00:00
S0537,D012,TRIAGE_NURSE,DAY,ACTIVE,2025-01-01,,STKN-000537,ERPULSE_SYNTH_ROSTER,1,2025-12-20T00:00:00
S0538,D002,RESIDENT,NIGHT,ACTIVE,2025-01-01,,STKN-000538,ERPULSE_SYNTH_ROSTER,1,2025-12-20T00:00:00
S0539,D003,TECHNICIAN,NIGHT,ACTIVE,2025-01-01,,STKN-000539,ERPULSE_SYNTH_ROSTER,1,2025-12-20T00:00:00
S0540,D001,REGISTRAR,EVENING,ACTIVE,2025-01-01,,STKN-000540,ERPULSE_SYNTH_ROSTER,1,2025-12-20T00:00:00
S0541,D001,TRIAGE_NURSE,EVENING,ACTIVE,2025-01-01,,STKN-000541,ERPULSE_SYNTH_ROSTER,1,2025-12-20T00:00:00
S0542,D001,TRIAGE_NURSE,DAY,ACTIVE,2025-01-01,,STKN-000542,ERPULSE_SYNTH_ROSTER,1,2025-12-20T00:00:00
S0543,D001,PHYSICIAN,NIGHT,ACTIVE,2025-01-01,,STKN-000543,ERPULSE_SYNTH_ROSTER,1,2025-12-20T00:00:00
S0544,D009,PHYSICIAN,EVENING,ACTIVE,2025-01-01,,STKN-000544,ERPULSE_SYNTH_ROSTER,1,2025-12-20T00:00:00
S0545,D001,BED_COORDINATOR,EVENING,ACTIVE,2025-01-01,,STKN-000545,ERPULSE_SYNTH_ROSTER,1,2025-12-20T00:00:00
S0546,D010,PHYSICIAN,DAY,ACTIVE,2025-01-01,,STKN-000546,ERPULSE_SYNTH_ROSTER,1,2025-12-20T00:00:00
S0547,D002,RESIDENT,DAY,ACTIVE,2025-01-01,,STKN-000547,ERPULSE_SYNTH_ROSTER,1,2025-12-20T00:00:00
S0548,D007,RESIDENT,DAY,ACTIVE,2025-01-01,,STKN-000548,ERPULSE_SYNTH_ROSTER,1,2025-12-20T00:00:00
S0549,D008,BED_COORDINATOR,DAY,ACTIVE,2025-01-01,,STKN-000549,ERPULSE_SYNTH_ROSTER,1,2025-12-20T00:00:00
S0550,D003,REGISTRAR,EVENING,ACTIVE,2025-01-01,,STKN-000550,ERPULSE_SYNTH_ROSTER,1,2025-12-20T00:00:00
S0551,D007,RESIDENT,DAY,ACTIVE,2025-01-01,,STKN-000551,ERPULSE_SYNTH_ROSTER,1,2025-12-20T00:00:00
S0552,D010,ED_NURSE,EVENING,ACTIVE,2025-01-01,,STKN-000552,ERPULSE_SYNTH_ROSTER,1,2025-12-20T00:00:00
S0553,D001,REGISTRAR,EVENING,ACTIVE,2025-01-01,,STKN-000553,ERPULSE_SYNTH_ROSTER,1,2025-12-20T00:00:00
S0554,D010,BED_COORDINATOR,NIGHT,ACTIVE,2025-01-01,,STKN-000554,ERPULSE_SYNTH_ROSTER,1,2025-12-20T00:00:00
S0555,D005,ED_NURSE,EVENING,ACTIVE,2025-01-01,,STKN-000555,ERPULSE_SYNTH_ROSTER,1,2025-12-20T00:00:00
S0556,D005,TECHNICIAN,DAY,ACTIVE,2025-01-01,,STKN-000556,ERPULSE_SYNTH_ROSTER,1,2025-12-20T00:00:00
S0557,D008,RESIDENT,EVENING,ACTIVE,2025-01-01,,STKN-000557,ERPULSE_SYNTH_ROSTER,1,2025-12-20T00:00:00
S0558,D012,PHYSICIAN,DAY,ACTIVE,2025-01-01,,STKN-000558,ERPULSE_SYNTH_ROSTER,1,2025-12-20T00:00:00
S0559,D011,ED_NURSE,DAY,ACTIVE,2025-01-01,,STKN-000559,ERPULSE_SYNTH_ROSTER,1,2025-12-20T00:00:00
S0560,D004,PHYSICIAN,DAY,ACTIVE,2025-01-01,,STKN-000560,ERPULSE_SYNTH_ROSTER,1,2025-12-20T00:00:00
S0561,D002,TRIAGE_NURSE,EVENING,ACTIVE,2025-01-01,,STKN-000561,ERPULSE_SYNTH_ROSTER,1,2025-12-20T00:00:00
S0562,D011,RESIDENT,EVENING,ACTIVE,2025-01-01,,STKN-000562,ERPULSE_SYNTH_ROSTER,1,2025-12-20T00:00:00
S0563,D006,TECHNICIAN,NIGHT,ACTIVE,2025-01-01,,STKN-000563,ERPULSE_SYNTH_ROSTER,1,2025-12-20T00:00:00
S0564,D008,ED_NURSE,NIGHT,ACTIVE,2025-01-01,,STKN-000564,ERPULSE_SYNTH_ROSTER,1,2025-12-20T00:00:00
S0565,D003,PHYSICIAN,DAY,ACTIVE,2025-01-01,,STKN-000565,ERPULSE_SYNTH_ROSTER,1,2025-12-20T00:00:00
S0566,D002,TRIAGE_NURSE,NIGHT,ACTIVE,2025-01-01,,STKN-000566,ERPULSE_SYNTH_ROSTER,1,2025-12-20T00:00:00
S0567,D003,PHYSICIAN,EVENING,ACTIVE,2025-01-01,,STKN-000567,ERPULSE_SYNTH_ROSTER,1,2025-12-20T00:00:00
S0568,D011,PHYSICIAN,DAY,ACTIVE,2025-01-01,,STKN-000568,ERPULSE_SYNTH_ROSTER,1,2025-12-20T00:00:00
S0569,D009,RESIDENT,NIGHT,ACTIVE,2025-01-01,,STKN-000569,ERPULSE_SYNTH_ROSTER,1,2025-12-20T00:00:00
S0570,D005,ED_NURSE,EVENING,ACTIVE,2025-01-01,,STKN-000570,ERPULSE_SYNTH_ROSTER,1,2025-12-20T00:00:00
S0571,D006,RESIDENT,DAY,ACTIVE,2025-01-01,,STKN-000571,ERPULSE_SYNTH_ROSTER,1,2025-12-20T00:00:00
S0572,D002,TRIAGE_NURSE,EVENING,ACTIVE,2025-01-01,,STKN-000572,ERPULSE_SYNTH_ROSTER,1,2025-12-20T00:00:00
S0573,D012,ED_NURSE,EVENING,ACTIVE,2025-01-01,,STKN-000573,ERPULSE_SYNTH_ROSTER,1,2025-12-20T00:00:00
S0574,D011,RESIDENT,DAY,ACTIVE,2025-01-01,,STKN-000574,ERPULSE_SYNTH_ROSTER,1,2025-12-20T00:00:00
S0575,D006,TECHNICIAN,DAY,ACTIVE,2025-01-01,,STKN-000575,ERPULSE_SYNTH_ROSTER,1,2025-12-20T00:00:00
S0576,D006,PHYSICIAN,EVENING,ACTIVE,2025-01-01,,STKN-000576,ERPULSE_SYNTH_ROSTER,1,2025-12-20T00:00:00
S0577,D010,TECHNICIAN,EVENING,ACTIVE,2025-01-01,,STKN-000577,ERPULSE_SYNTH_ROSTER,1,2025-12-20T00:00:00
S0578,D003,TRIAGE_NURSE,DAY,ACTIVE,2025-01-01,,STKN-000578,ERPULSE_SYNTH_ROSTER,1,2025-12-20T00:00:00
S0579,D006,TECHNICIAN,EVENING,ACTIVE,2025-01-01,,STKN-000579,ERPULSE_SYNTH_ROSTER,1,2025-12-20T00:00:00
S0580,D010,TECHNICIAN,NIGHT,ACTIVE,2025-01-01,,STKN-000580,ERPULSE_SYNTH_ROSTER,1,2025-12-20T00:00:00
S0581,D001,TRIAGE_NURSE,EVENING,ACTIVE,2025-01-01,,STKN-000581,ERPULSE_SYNTH_ROSTER,1,2025-12-20T00:00:00
S0582,D006,RESIDENT,EVENING,ACTIVE,2025-01-01,,STKN-000582,ERPULSE_SYNTH_ROSTER,1,2025-12-20T00:00:00
S0583,D007,PHYSICIAN,EVENING,ACTIVE,2025-01-01,,STKN-000583,ERPULSE_SYNTH_ROSTER,1,2025-12-20T00:00:00
S0584,D010,TRIAGE_NURSE,DAY,ACTIVE,2025-01-01,,STKN-000584,ERPULSE_SYNTH_ROSTER,1,2025-12-20T00:00:00
S0585,D005,ED_NURSE,EVENING,ACTIVE,2025-01-01,,STKN-000585,ERPULSE_SYNTH_ROSTER,1,2025-12-20T00:00:00
S0586,D006,TECHNICIAN,EVENING,ACTIVE,2025-01-01,,STKN-000586,ERPULSE_SYNTH_ROSTER,1,2025-12-20T00:00:00
S0587,D008,ED_NURSE,DAY,ACTIVE,2025-01-01,,STKN-000587,ERPULSE_SYNTH_ROSTER,1,2025-12-20T00:00:00
S0588,D007,TECHNICIAN,DAY,ACTIVE,2025-01-01,,STKN-000588,ERPULSE_SYNTH_ROSTER,1,2025-12-20T00:00:00
S0589,D003,RESIDENT,NIGHT,ACTIVE,2025-01-01,,STKN-000589,ERPULSE_SYNTH_ROSTER,1,2025-12-20T00:00:00
S0590,D009,TECHNICIAN,EVENING,ACTIVE,2025-01-01,,STKN-000590,ERPULSE_SYNTH_ROSTER,1,2025-12-20T00:00:00
S0591,D007,PHYSICIAN,EVENING,ACTIVE,2025-01-01,,STKN-000591,ERPULSE_SYNTH_ROSTER,1,2025-12-20T00:00:00
S0592,D001,TRIAGE_NURSE,EVENING,ACTIVE,2025-01-01,,STKN-000592,ERPULSE_SYNTH_ROSTER,1,2025-12-20T00:00:00
S0593,D003,TECHNICIAN,EVENING,ACTIVE,2025-01-01,,STKN-000593,ERPULSE_SYNTH_ROSTER,1,2025-12-20T00:00:00
S0594,D007,TECHNICIAN,EVENING,ACTIVE,2025-01-01,,STKN-000594,ERPULSE_SYNTH_ROSTER,1,2025-12-20T00:00:00
S0595,D009,ED_NURSE,DAY,ACTIVE,2025-01-01,,STKN-000595,ERPULSE_SYNTH_ROSTER,1,2025-12-20T00:00:00
S0596,D001,TECHNICIAN,DAY,ACTIVE,2025-01-01,,STKN-000596,ERPULSE_SYNTH_ROSTER,1,2025-12-20T00:00:00
S0597,D007,BED_COORDINATOR,EVENING,ACTIVE,2025-01-01,,STKN-000597,ERPULSE_SYNTH_ROSTER,1,2025-12-20T00:00:00
S0598,D008,REGISTRAR,EVENING,ACTIVE,2025-01-01,,STKN-000598,ERPULSE_SYNTH_ROSTER,1,2025-12-20T00:00:00
S0599,D004,RESIDENT,NIGHT,ACTIVE,2025-01-01,,STKN-000599,ERPULSE_SYNTH_ROSTER,1,2025-12-20T00:00:00
S0600,D007,TECHNICIAN,DAY,ACTIVE,2025-01-01,,STKN-000600,ERPULSE_SYNTH_ROSTER,1,2025-12-20T00:00:00
